Copyright 1986-2022 Xilinx, Inc. All Rights Reserved. Copyright 2022-2024 Advanced Micro Devices, Inc. All Rights Reserved.
------------------------------------------------------------------------------------------------------------------------------------------------------------------------------------------------------
| Tool Version : Vivado v.2024.1 (lin64) Build 5076996 Wed May 22 18:36:09 MDT 2024
| Date         : Sat May 23 14:31:22 2026
| Host         : swedish-laptop running 64-bit Ubuntu 22.04.5 LTS
| Command      : report_timing_summary -max_paths 10 -report_unconstrained -file top_timing_summary_routed.rpt -pb top_timing_summary_routed.pb -rpx top_timing_summary_routed.rpx -warn_on_violation
| Design       : top
| Device       : 7a35ti-cpg236
| Speed File   : -1L  PRODUCTION 1.23 2018-06-13
| Design State : Routed
------------------------------------------------------------------------------------------------------------------------------------------------------------------------------------------------------

Timing Summary Report

------------------------------------------------------------------------------------------------
| Timer Settings
| --------------
------------------------------------------------------------------------------------------------

  Enable Multi Corner Analysis               :  Yes
  Enable Pessimism Removal                   :  Yes
  Pessimism Removal Resolution               :  Nearest Common Node
  Enable Input Delay Default Clock           :  No
  Enable Preset / Clear Arcs                 :  No
  Disable Flight Delays                      :  No
  Ignore I/O Paths                           :  No
  Timing Early Launch at Borrowing Latches   :  No
  Borrow Time for Max Delay Exceptions       :  Yes
  Merge Timing Exceptions                    :  Yes
  Inter-SLR Compensation                     :  Conservative

  Corner  Analyze    Analyze    
  Name    Max Paths  Min Paths  
  ------  ---------  ---------  
  Slow    Yes        Yes        
  Fast    Yes        Yes        


------------------------------------------------------------------------------------------------
| Report Methodology
| ------------------
------------------------------------------------------------------------------------------------

Rule       Severity  Description                    Violations  
---------  --------  -----------------------------  ----------  
TIMING-18  Warning   Missing input or output delay  35          

Note: This report is based on the most recent report_methodology run and may not be up-to-date. Run report_methodology on the current design for the latest report.



check_timing report

Table of Contents
-----------------
1. checking no_clock (0)
2. checking constant_clock (0)
3. checking pulse_width_clock (0)
4. checking unconstrained_internal_endpoints (0)
5. checking no_input_delay (16)
6. checking no_output_delay (14)
7. checking multiple_clock (0)
8. checking generated_clocks (0)
9. checking loops (0)
10. checking partial_input_delay (0)
11. checking partial_output_delay (0)
12. checking latch_loops (0)

1. checking no_clock (0)
------------------------
 There are 0 register/latch pins with no clock.


2. checking constant_clock (0)
------------------------------
 There are 0 register/latch pins with constant_clock.


3. checking pulse_width_clock (0)
---------------------------------
 There are 0 register/latch pins which need pulse_width check


4. checking unconstrained_internal_endpoints (0)
------------------------------------------------
 There are 0 pins that are not constrained for maximum delay.

 There are 0 pins that are not constrained for maximum delay due to constant clock.


5. checking no_input_delay (16)
-------------------------------
 There are 16 input ports with no input delay specified. (HIGH)

 There are 0 input ports with no input delay but user has a false path constraint.


6. checking no_output_delay (14)
--------------------------------
 There are 14 ports with no output delay specified. (HIGH)

 There are 0 ports with no output delay but user has a false path constraint

 There are 0 ports with no output delay but with a timing clock defined on it or propagating through it


7. checking multiple_clock (0)
------------------------------
 There are 0 register/latch pins with multiple clocks.


8. checking generated_clocks (0)
--------------------------------
 There are 0 generated clocks that are not connected to a clock source.


9. checking loops (0)
---------------------
 There are 0 combinational loops in the design.


10. checking partial_input_delay (0)
------------------------------------
 There are 0 input ports with partial input delay specified.


11. checking partial_output_delay (0)
-------------------------------------
 There are 0 ports with partial output delay specified.


12. checking latch_loops (0)
----------------------------
 There are 0 combinational latch loops in the design through latch input



------------------------------------------------------------------------------------------------
| Design Timing Summary
| ---------------------
------------------------------------------------------------------------------------------------

    WNS(ns)      TNS(ns)  TNS Failing Endpoints  TNS Total Endpoints      WHS(ns)      THS(ns)  THS Failing Endpoints  THS Total Endpoints     WPWS(ns)     TPWS(ns)  TPWS Failing Endpoints  TPWS Total Endpoints  
    -------      -------  ---------------------  -------------------      -------      -------  ---------------------  -------------------     --------     --------  ----------------------  --------------------  
      1.086        0.000                      0                 1069        0.134        0.000                      0                 1069        4.500        0.000                       0                   376  


All user specified timing constraints are met.


------------------------------------------------------------------------------------------------
| Clock Summary
| -------------
------------------------------------------------------------------------------------------------

Clock        Waveform(ns)       Period(ns)      Frequency(MHz)
-----        ------------       ----------      --------------
sys_clk_pin  {0.000 5.000}      10.000          100.000         


------------------------------------------------------------------------------------------------
| Intra Clock Table
| -----------------
------------------------------------------------------------------------------------------------

Clock             WNS(ns)      TNS(ns)  TNS Failing Endpoints  TNS Total Endpoints      WHS(ns)      THS(ns)  THS Failing Endpoints  THS Total Endpoints     WPWS(ns)     TPWS(ns)  TPWS Failing Endpoints  TPWS Total Endpoints  
-----             -------      -------  ---------------------  -------------------      -------      -------  ---------------------  -------------------     --------     --------  ----------------------  --------------------  
sys_clk_pin         1.086        0.000                      0                 1069        0.134        0.000                      0                 1069        4.500        0.000                       0                   376  


------------------------------------------------------------------------------------------------
| Inter Clock Table
| -----------------
------------------------------------------------------------------------------------------------

From Clock    To Clock          WNS(ns)      TNS(ns)  TNS Failing Endpoints  TNS Total Endpoints      WHS(ns)      THS(ns)  THS Failing Endpoints  THS Total Endpoints  
----------    --------          -------      -------  ---------------------  -------------------      -------      -------  ---------------------  -------------------  


------------------------------------------------------------------------------------------------
| Other Path Groups Table
| -----------------------
------------------------------------------------------------------------------------------------

Path Group    From Clock    To Clock          WNS(ns)      TNS(ns)  TNS Failing Endpoints  TNS Total Endpoints      WHS(ns)      THS(ns)  THS Failing Endpoints  THS Total Endpoints  
----------    ----------    --------          -------      -------  ---------------------  -------------------      -------      -------  ---------------------  -------------------  


------------------------------------------------------------------------------------------------
| User Ignored Path Table
| -----------------------
------------------------------------------------------------------------------------------------

Path Group    From Clock    To Clock    
----------    ----------    --------    


------------------------------------------------------------------------------------------------
| Unconstrained Path Table
| ------------------------
------------------------------------------------------------------------------------------------

Path Group    From Clock    To Clock    
----------    ----------    --------    
(none)        sys_clk_pin                 
(none)                      sys_clk_pin   


------------------------------------------------------------------------------------------------
| Timing Details
| --------------
------------------------------------------------------------------------------------------------


---------------------------------------------------------------------------------------------------
From Clock:  sys_clk_pin
  To Clock:  sys_clk_pin

Setup :            0  Failing Endpoints,  Worst Slack        1.086ns,  Total Violation        0.000ns
Hold  :            0  Failing Endpoints,  Worst Slack        0.134ns,  Total Violation        0.000ns
PW    :            0  Failing Endpoints,  Worst Slack        4.500ns,  Total Violation        0.000ns
---------------------------------------------------------------------------------------------------


Max Delay Paths
--------------------------------------------------------------------------------------
Slack (MET) :             1.086ns  (required time - arrival time)
  Source:                 processing_thread_inst/rms_inst/fsm_rms/nr_counter_reg[2]/C
                            (rising edge-triggered cell FDRE clocked by sys_clk_pin  {rise@0.000ns fall@5.000ns period=10.000ns})
  Destination:            processing_thread_inst/rms_inst/nr_xk2x0/A[16]
                            (rising edge-triggered cell DSP48E1 clocked by sys_clk_pin  {rise@0.000ns fall@5.000ns period=10.000ns})
  Path Group:             sys_clk_pin
  Path Type:              Setup (Max at Slow Process Corner)
  Requirement:            10.000ns  (sys_clk_pin rise@10.000ns - sys_clk_pin rise@0.000ns)
  Data Path Delay:        8.494ns  (logic 4.559ns (53.671%)  route 3.935ns (46.329%))
  Logic Levels:           2  (DSP48E1=1 LUT6=1)
  Clock Path Skew:        -0.022ns (DCD - SCD + CPR)
    Destination Clock Delay (DCD):    4.878ns = ( 14.878 - 10.000 ) 
    Source Clock Delay      (SCD):    5.088ns
    Clock Pessimism Removal (CPR):    0.188ns
  Clock Uncertainty:      0.035ns  ((TSJ^2 + TIJ^2)^1/2 + DJ) / 2 + PE
    Total System Jitter     (TSJ):    0.071ns
    Total Input Jitter      (TIJ):    0.000ns
    Discrete Jitter          (DJ):    0.000ns
    Phase Error              (PE):    0.000ns

    Location             Delay type                Incr(ns)  Path(ns)    Netlist Resource(s)
  -------------------------------------------------------------------    -------------------
                         (clock sys_clk_pin rise edge)
                                                      0.000     0.000 r  
    W5                                                0.000     0.000 r  clk (IN)
                         net (fo=0)                   0.000     0.000    clk
    W5                   IBUF (Prop_ibuf_I_O)         1.458     1.458 r  clk_IBUF_inst/O
                         net (fo=1, routed)           1.967     3.425    clk_IBUF
    BUFGCTRL_X0Y0        BUFG (Prop_bufg_I_O)         0.096     3.521 r  clk_IBUF_BUFG_inst/O
                         net (fo=377, routed)         1.567     5.088    processing_thread_inst/rms_inst/fsm_rms/clk_IBUF_BUFG
    SLICE_X11Y10         FDRE                                         r  processing_thread_inst/rms_inst/fsm_rms/nr_counter_reg[2]/C
  -------------------------------------------------------------------    -------------------
    SLICE_X11Y10         FDRE (Prop_fdre_C_Q)         0.419     5.507 r  processing_thread_inst/rms_inst/fsm_rms/nr_counter_reg[2]/Q
                         net (fo=24, routed)          1.148     6.656    processing_thread_inst/rms_inst/fsm_rms/nr_counter[2]
    SLICE_X14Y12         LUT6 (Prop_lut6_I3_O)        0.299     6.955 r  processing_thread_inst/rms_inst/fsm_rms/nr_xk20_i_8/O
                         net (fo=3, routed)           1.970     8.925    processing_thread_inst/rms_inst/fsm_rms_n_20
    DSP48_X1Y4           DSP48E1 (Prop_dsp48e1_A[9]_P[32])
                                                      3.841    12.766 r  processing_thread_inst/rms_inst/nr_xk20/P[32]
                         net (fo=1, routed)           0.816    13.583    processing_thread_inst/rms_inst/nr_xk20_n_73
    DSP48_X1Y5           DSP48E1                                      r  processing_thread_inst/rms_inst/nr_xk2x0/A[16]
  -------------------------------------------------------------------    -------------------

                         (clock sys_clk_pin rise edge)
                                                     10.000    10.000 r  
    W5                                                0.000    10.000 r  clk (IN)
                         net (fo=0)                   0.000    10.000    clk
    W5                   IBUF (Prop_ibuf_I_O)         1.388    11.388 r  clk_IBUF_inst/O
                         net (fo=1, routed)           1.862    13.250    clk_IBUF
    BUFGCTRL_X0Y0        BUFG (Prop_bufg_I_O)         0.091    13.341 r  clk_IBUF_BUFG_inst/O
                         net (fo=377, routed)         1.537    14.878    processing_thread_inst/rms_inst/clk_IBUF_BUFG
    DSP48_X1Y5           DSP48E1                                      r  processing_thread_inst/rms_inst/nr_xk2x0/CLK
                         clock pessimism              0.188    15.066    
                         clock uncertainty           -0.035    15.030    
    DSP48_X1Y5           DSP48E1 (Setup_dsp48e1_CLK_A[16])
                                                     -0.362    14.668    processing_thread_inst/rms_inst/nr_xk2x0
  -------------------------------------------------------------------
                         required time                         14.668    
                         arrival time                         -13.583    
  -------------------------------------------------------------------
                         slack                                  1.086    

Slack (MET) :             1.123ns  (required time - arrival time)
  Source:                 processing_thread_inst/rms_inst/fsm_rms/nr_counter_reg[2]/C
                            (rising edge-triggered cell FDRE clocked by sys_clk_pin  {rise@0.000ns fall@5.000ns period=10.000ns})
  Destination:            processing_thread_inst/rms_inst/nr_xk2x0/A[12]
                            (rising edge-triggered cell DSP48E1 clocked by sys_clk_pin  {rise@0.000ns fall@5.000ns period=10.000ns})
  Path Group:             sys_clk_pin
  Path Type:              Setup (Max at Slow Process Corner)
  Requirement:            10.000ns  (sys_clk_pin rise@10.000ns - sys_clk_pin rise@0.000ns)
  Data Path Delay:        8.457ns  (logic 4.559ns (53.906%)  route 3.898ns (46.094%))
  Logic Levels:           2  (DSP48E1=1 LUT6=1)
  Clock Path Skew:        -0.022ns (DCD - SCD + CPR)
    Destination Clock Delay (DCD):    4.878ns = ( 14.878 - 10.000 ) 
    Source Clock Delay      (SCD):    5.088ns
    Clock Pessimism Removal (CPR):    0.188ns
  Clock Uncertainty:      0.035ns  ((TSJ^2 + TIJ^2)^1/2 + DJ) / 2 + PE
    Total System Jitter     (TSJ):    0.071ns
    Total Input Jitter      (TIJ):    0.000ns
    Discrete Jitter          (DJ):    0.000ns
    Phase Error              (PE):    0.000ns

    Location             Delay type                Incr(ns)  Path(ns)    Netlist Resource(s)
  -------------------------------------------------------------------    -------------------
                         (clock sys_clk_pin rise edge)
                                                      0.000     0.000 r  
    W5                                                0.000     0.000 r  clk (IN)
                         net (fo=0)                   0.000     0.000    clk
    W5                   IBUF (Prop_ibuf_I_O)         1.458     1.458 r  clk_IBUF_inst/O
                         net (fo=1, routed)           1.967     3.425    clk_IBUF
    BUFGCTRL_X0Y0        BUFG (Prop_bufg_I_O)         0.096     3.521 r  clk_IBUF_BUFG_inst/O
                         net (fo=377, routed)         1.567     5.088    processing_thread_inst/rms_inst/fsm_rms/clk_IBUF_BUFG
    SLICE_X11Y10         FDRE                                         r  processing_thread_inst/rms_inst/fsm_rms/nr_counter_reg[2]/C
  -------------------------------------------------------------------    -------------------
    SLICE_X11Y10         FDRE (Prop_fdre_C_Q)         0.419     5.507 r  processing_thread_inst/rms_inst/fsm_rms/nr_counter_reg[2]/Q
                         net (fo=24, routed)          1.148     6.656    processing_thread_inst/rms_inst/fsm_rms/nr_counter[2]
    SLICE_X14Y12         LUT6 (Prop_lut6_I3_O)        0.299     6.955 r  processing_thread_inst/rms_inst/fsm_rms/nr_xk20_i_8/O
                         net (fo=3, routed)           1.970     8.925    processing_thread_inst/rms_inst/fsm_rms_n_20
    DSP48_X1Y4           DSP48E1 (Prop_dsp48e1_A[9]_P[28])
                                                      3.841    12.766 r  processing_thread_inst/rms_inst/nr_xk20/P[28]
                         net (fo=2, routed)           0.779    13.546    processing_thread_inst/rms_inst/nr_xk20_n_77
    DSP48_X1Y5           DSP48E1                                      r  processing_thread_inst/rms_inst/nr_xk2x0/A[12]
  -------------------------------------------------------------------    -------------------

                         (clock sys_clk_pin rise edge)
                                                     10.000    10.000 r  
    W5                                                0.000    10.000 r  clk (IN)
                         net (fo=0)                   0.000    10.000    clk
    W5                   IBUF (Prop_ibuf_I_O)         1.388    11.388 r  clk_IBUF_inst/O
                         net (fo=1, routed)           1.862    13.250    clk_IBUF
    BUFGCTRL_X0Y0        BUFG (Prop_bufg_I_O)         0.091    13.341 r  clk_IBUF_BUFG_inst/O
                         net (fo=377, routed)         1.537    14.878    processing_thread_inst/rms_inst/clk_IBUF_BUFG
    DSP48_X1Y5           DSP48E1                                      r  processing_thread_inst/rms_inst/nr_xk2x0/CLK
                         clock pessimism              0.188    15.066    
                         clock uncertainty           -0.035    15.030    
    DSP48_X1Y5           DSP48E1 (Setup_dsp48e1_CLK_A[12])
                                                     -0.362    14.668    processing_thread_inst/rms_inst/nr_xk2x0
  -------------------------------------------------------------------
                         required time                         14.668    
                         arrival time                         -13.546    
  -------------------------------------------------------------------
                         slack                                  1.123    

Slack (MET) :             1.133ns  (required time - arrival time)
  Source:                 processing_thread_inst/rms_inst/fsm_rms/nr_counter_reg[2]/C
                            (rising edge-triggered cell FDRE clocked by sys_clk_pin  {rise@0.000ns fall@5.000ns period=10.000ns})
  Destination:            processing_thread_inst/rms_inst/nr_xk2x0/A[15]
                            (rising edge-triggered cell DSP48E1 clocked by sys_clk_pin  {rise@0.000ns fall@5.000ns period=10.000ns})
  Path Group:             sys_clk_pin
  Path Type:              Setup (Max at Slow Process Corner)
  Requirement:            10.000ns  (sys_clk_pin rise@10.000ns - sys_clk_pin rise@0.000ns)
  Data Path Delay:        8.447ns  (logic 4.559ns (53.972%)  route 3.888ns (46.028%))
  Logic Levels:           2  (DSP48E1=1 LUT6=1)
  Clock Path Skew:        -0.022ns (DCD - SCD + CPR)
    Destination Clock Delay (DCD):    4.878ns = ( 14.878 - 10.000 ) 
    Source Clock Delay      (SCD):    5.088ns
    Clock Pessimism Removal (CPR):    0.188ns
  Clock Uncertainty:      0.035ns  ((TSJ^2 + TIJ^2)^1/2 + DJ) / 2 + PE
    Total System Jitter     (TSJ):    0.071ns
    Total Input Jitter      (TIJ):    0.000ns
    Discrete Jitter          (DJ):    0.000ns
    Phase Error              (PE):    0.000ns

    Location             Delay type                Incr(ns)  Path(ns)    Netlist Resource(s)
  -------------------------------------------------------------------    -------------------
                         (clock sys_clk_pin rise edge)
                                                      0.000     0.000 r  
    W5                                                0.000     0.000 r  clk (IN)
                         net (fo=0)                   0.000     0.000    clk
    W5                   IBUF (Prop_ibuf_I_O)         1.458     1.458 r  clk_IBUF_inst/O
                         net (fo=1, routed)           1.967     3.425    clk_IBUF
    BUFGCTRL_X0Y0        BUFG (Prop_bufg_I_O)         0.096     3.521 r  clk_IBUF_BUFG_inst/O
                         net (fo=377, routed)         1.567     5.088    processing_thread_inst/rms_inst/fsm_rms/clk_IBUF_BUFG
    SLICE_X11Y10         FDRE                                         r  processing_thread_inst/rms_inst/fsm_rms/nr_counter_reg[2]/C
  -------------------------------------------------------------------    -------------------
    SLICE_X11Y10         FDRE (Prop_fdre_C_Q)         0.419     5.507 r  processing_thread_inst/rms_inst/fsm_rms/nr_counter_reg[2]/Q
                         net (fo=24, routed)          1.148     6.656    processing_thread_inst/rms_inst/fsm_rms/nr_counter[2]
    SLICE_X14Y12         LUT6 (Prop_lut6_I3_O)        0.299     6.955 r  processing_thread_inst/rms_inst/fsm_rms/nr_xk20_i_8/O
                         net (fo=3, routed)           1.970     8.925    processing_thread_inst/rms_inst/fsm_rms_n_20
    DSP48_X1Y4           DSP48E1 (Prop_dsp48e1_A[9]_P[31])
                                                      3.841    12.766 r  processing_thread_inst/rms_inst/nr_xk20/P[31]
                         net (fo=1, routed)           0.769    13.535    processing_thread_inst/rms_inst/nr_xk20_n_74
    DSP48_X1Y5           DSP48E1                                      r  processing_thread_inst/rms_inst/nr_xk2x0/A[15]
  -------------------------------------------------------------------    -------------------

                         (clock sys_clk_pin rise edge)
                                                     10.000    10.000 r  
    W5                                                0.000    10.000 r  clk (IN)
                         net (fo=0)                   0.000    10.000    clk
    W5                   IBUF (Prop_ibuf_I_O)         1.388    11.388 r  clk_IBUF_inst/O
                         net (fo=1, routed)           1.862    13.250    clk_IBUF
    BUFGCTRL_X0Y0        BUFG (Prop_bufg_I_O)         0.091    13.341 r  clk_IBUF_BUFG_inst/O
                         net (fo=377, routed)         1.537    14.878    processing_thread_inst/rms_inst/clk_IBUF_BUFG
    DSP48_X1Y5           DSP48E1                                      r  processing_thread_inst/rms_inst/nr_xk2x0/CLK
                         clock pessimism              0.188    15.066    
                         clock uncertainty           -0.035    15.030    
    DSP48_X1Y5           DSP48E1 (Setup_dsp48e1_CLK_A[15])
                                                     -0.362    14.668    processing_thread_inst/rms_inst/nr_xk2x0
  -------------------------------------------------------------------
                         required time                         14.668    
                         arrival time                         -13.535    
  -------------------------------------------------------------------
                         slack                                  1.133    

Slack (MET) :             1.147ns  (required time - arrival time)
  Source:                 processing_thread_inst/rms_inst/fsm_rms/nr_counter_reg[2]/C
                            (rising edge-triggered cell FDRE clocked by sys_clk_pin  {rise@0.000ns fall@5.000ns period=10.000ns})
  Destination:            processing_thread_inst/rms_inst/nr_xk2x0/C[20]
                            (rising edge-triggered cell DSP48E1 clocked by sys_clk_pin  {rise@0.000ns fall@5.000ns period=10.000ns})
  Path Group:             sys_clk_pin
  Path Type:              Setup (Max at Slow Process Corner)
  Requirement:            10.000ns  (sys_clk_pin rise@10.000ns - sys_clk_pin rise@0.000ns)
  Data Path Delay:        8.562ns  (logic 4.559ns (53.248%)  route 4.003ns (46.752%))
  Logic Levels:           2  (DSP48E1=1 LUT6=1)
  Clock Path Skew:        -0.022ns (DCD - SCD + CPR)
    Destination Clock Delay (DCD):    4.878ns = ( 14.878 - 10.000 ) 
    Source Clock Delay      (SCD):    5.088ns
    Clock Pessimism Removal (CPR):    0.188ns
  Clock Uncertainty:      0.035ns  ((TSJ^2 + TIJ^2)^1/2 + DJ) / 2 + PE
    Total System Jitter     (TSJ):    0.071ns
    Total Input Jitter      (TIJ):    0.000ns
    Discrete Jitter          (DJ):    0.000ns
    Phase Error              (PE):    0.000ns

    Location             Delay type                Incr(ns)  Path(ns)    Netlist Resource(s)
  -------------------------------------------------------------------    -------------------
                         (clock sys_clk_pin rise edge)
                                                      0.000     0.000 r  
    W5                                                0.000     0.000 r  clk (IN)
                         net (fo=0)                   0.000     0.000    clk
    W5                   IBUF (Prop_ibuf_I_O)         1.458     1.458 r  clk_IBUF_inst/O
                         net (fo=1, routed)           1.967     3.425    clk_IBUF
    BUFGCTRL_X0Y0        BUFG (Prop_bufg_I_O)         0.096     3.521 r  clk_IBUF_BUFG_inst/O
                         net (fo=377, routed)         1.567     5.088    processing_thread_inst/rms_inst/fsm_rms/clk_IBUF_BUFG
    SLICE_X11Y10         FDRE                                         r  processing_thread_inst/rms_inst/fsm_rms/nr_counter_reg[2]/C
  -------------------------------------------------------------------    -------------------
    SLICE_X11Y10         FDRE (Prop_fdre_C_Q)         0.419     5.507 r  processing_thread_inst/rms_inst/fsm_rms/nr_counter_reg[2]/Q
                         net (fo=24, routed)          1.148     6.656    processing_thread_inst/rms_inst/fsm_rms/nr_counter[2]
    SLICE_X14Y12         LUT6 (Prop_lut6_I3_O)        0.299     6.955 r  processing_thread_inst/rms_inst/fsm_rms/nr_xk20_i_8/O
                         net (fo=3, routed)           1.970     8.925    processing_thread_inst/rms_inst/fsm_rms_n_20
    DSP48_X1Y4           DSP48E1 (Prop_dsp48e1_A[9]_P[19])
                                                      3.841    12.766 r  processing_thread_inst/rms_inst/nr_xk20/P[19]
                         net (fo=2, routed)           0.884    13.650    processing_thread_inst/rms_inst/nr_xk20_n_86
    DSP48_X1Y5           DSP48E1                                      r  processing_thread_inst/rms_inst/nr_xk2x0/C[20]
  -------------------------------------------------------------------    -------------------

                         (clock sys_clk_pin rise edge)
                                                     10.000    10.000 r  
    W5                                                0.000    10.000 r  clk (IN)
                         net (fo=0)                   0.000    10.000    clk
    W5                   IBUF (Prop_ibuf_I_O)         1.388    11.388 r  clk_IBUF_inst/O
                         net (fo=1, routed)           1.862    13.250    clk_IBUF
    BUFGCTRL_X0Y0        BUFG (Prop_bufg_I_O)         0.091    13.341 r  clk_IBUF_BUFG_inst/O
                         net (fo=377, routed)         1.537    14.878    processing_thread_inst/rms_inst/clk_IBUF_BUFG
    DSP48_X1Y5           DSP48E1                                      r  processing_thread_inst/rms_inst/nr_xk2x0/CLK
                         clock pessimism              0.188    15.066    
                         clock uncertainty           -0.035    15.030    
    DSP48_X1Y5           DSP48E1 (Setup_dsp48e1_CLK_C[20])
                                                     -0.233    14.797    processing_thread_inst/rms_inst/nr_xk2x0
  -------------------------------------------------------------------
                         required time                         14.797    
                         arrival time                         -13.650    
  -------------------------------------------------------------------
                         slack                                  1.147    

Slack (MET) :             1.166ns  (required time - arrival time)
  Source:                 processing_thread_inst/rms_inst/fsm_rms/nr_counter_reg[2]/C
                            (rising edge-triggered cell FDRE clocked by sys_clk_pin  {rise@0.000ns fall@5.000ns period=10.000ns})
  Destination:            processing_thread_inst/rms_inst/nr_xk2x0/A[1]
                            (rising edge-triggered cell DSP48E1 clocked by sys_clk_pin  {rise@0.000ns fall@5.000ns period=10.000ns})
  Path Group:             sys_clk_pin
  Path Type:              Setup (Max at Slow Process Corner)
  Requirement:            10.000ns  (sys_clk_pin rise@10.000ns - sys_clk_pin rise@0.000ns)
  Data Path Delay:        8.414ns  (logic 4.559ns (54.182%)  route 3.855ns (45.818%))
  Logic Levels:           2  (DSP48E1=1 LUT6=1)
  Clock Path Skew:        -0.022ns (DCD - SCD + CPR)
    Destination Clock Delay (DCD):    4.878ns = ( 14.878 - 10.000 ) 
    Source Clock Delay      (SCD):    5.088ns
    Clock Pessimism Removal (CPR):    0.188ns
  Clock Uncertainty:      0.035ns  ((TSJ^2 + TIJ^2)^1/2 + DJ) / 2 + PE
    Total System Jitter     (TSJ):    0.071ns
    Total Input Jitter      (TIJ):    0.000ns
    Discrete Jitter          (DJ):    0.000ns
    Phase Error              (PE):    0.000ns

    Location             Delay type                Incr(ns)  Path(ns)    Netlist Resource(s)
  -------------------------------------------------------------------    -------------------
                         (clock sys_clk_pin rise edge)
                                                      0.000     0.000 r  
    W5                                                0.000     0.000 r  clk (IN)
                         net (fo=0)                   0.000     0.000    clk
    W5                   IBUF (Prop_ibuf_I_O)         1.458     1.458 r  clk_IBUF_inst/O
                         net (fo=1, routed)           1.967     3.425    clk_IBUF
    BUFGCTRL_X0Y0        BUFG (Prop_bufg_I_O)         0.096     3.521 r  clk_IBUF_BUFG_inst/O
                         net (fo=377, routed)         1.567     5.088    processing_thread_inst/rms_inst/fsm_rms/clk_IBUF_BUFG
    SLICE_X11Y10         FDRE                                         r  processing_thread_inst/rms_inst/fsm_rms/nr_counter_reg[2]/C
  -------------------------------------------------------------------    -------------------
    SLICE_X11Y10         FDRE (Prop_fdre_C_Q)         0.419     5.507 r  processing_thread_inst/rms_inst/fsm_rms/nr_counter_reg[2]/Q
                         net (fo=24, routed)          1.148     6.656    processing_thread_inst/rms_inst/fsm_rms/nr_counter[2]
    SLICE_X14Y12         LUT6 (Prop_lut6_I3_O)        0.299     6.955 r  processing_thread_inst/rms_inst/fsm_rms/nr_xk20_i_8/O
                         net (fo=3, routed)           1.970     8.925    processing_thread_inst/rms_inst/fsm_rms_n_20
    DSP48_X1Y4           DSP48E1 (Prop_dsp48e1_A[9]_P[17])
                                                      3.841    12.766 r  processing_thread_inst/rms_inst/nr_xk20/P[17]
                         net (fo=2, routed)           0.736    13.502    processing_thread_inst/rms_inst/nr_xk20_n_88
    DSP48_X1Y5           DSP48E1                                      r  processing_thread_inst/rms_inst/nr_xk2x0/A[1]
  -------------------------------------------------------------------    -------------------

                         (clock sys_clk_pin rise edge)
                                                     10.000    10.000 r  
    W5                                                0.000    10.000 r  clk (IN)
                         net (fo=0)                   0.000    10.000    clk
    W5                   IBUF (Prop_ibuf_I_O)         1.388    11.388 r  clk_IBUF_inst/O
                         net (fo=1, routed)           1.862    13.250    clk_IBUF
    BUFGCTRL_X0Y0        BUFG (Prop_bufg_I_O)         0.091    13.341 r  clk_IBUF_BUFG_inst/O
                         net (fo=377, routed)         1.537    14.878    processing_thread_inst/rms_inst/clk_IBUF_BUFG
    DSP48_X1Y5           DSP48E1                                      r  processing_thread_inst/rms_inst/nr_xk2x0/CLK
                         clock pessimism              0.188    15.066    
                         clock uncertainty           -0.035    15.030    
    DSP48_X1Y5           DSP48E1 (Setup_dsp48e1_CLK_A[1])
                                                     -0.362    14.668    processing_thread_inst/rms_inst/nr_xk2x0
  -------------------------------------------------------------------
                         required time                         14.668    
                         arrival time                         -13.502    
  -------------------------------------------------------------------
                         slack                                  1.166    

Slack (MET) :             1.166ns  (required time - arrival time)
  Source:                 processing_thread_inst/rms_inst/fsm_rms/nr_counter_reg[2]/C
                            (rising edge-triggered cell FDRE clocked by sys_clk_pin  {rise@0.000ns fall@5.000ns period=10.000ns})
  Destination:            processing_thread_inst/rms_inst/nr_xk2x0/A[3]
                            (rising edge-triggered cell DSP48E1 clocked by sys_clk_pin  {rise@0.000ns fall@5.000ns period=10.000ns})
  Path Group:             sys_clk_pin
  Path Type:              Setup (Max at Slow Process Corner)
  Requirement:            10.000ns  (sys_clk_pin rise@10.000ns - sys_clk_pin rise@0.000ns)
  Data Path Delay:        8.414ns  (logic 4.559ns (54.183%)  route 3.855ns (45.817%))
  Logic Levels:           2  (DSP48E1=1 LUT6=1)
  Clock Path Skew:        -0.022ns (DCD - SCD + CPR)
    Destination Clock Delay (DCD):    4.878ns = ( 14.878 - 10.000 ) 
    Source Clock Delay      (SCD):    5.088ns
    Clock Pessimism Removal (CPR):    0.188ns
  Clock Uncertainty:      0.035ns  ((TSJ^2 + TIJ^2)^1/2 + DJ) / 2 + PE
    Total System Jitter     (TSJ):    0.071ns
    Total Input Jitter      (TIJ):    0.000ns
    Discrete Jitter          (DJ):    0.000ns
    Phase Error              (PE):    0.000ns

    Location             Delay type                Incr(ns)  Path(ns)    Netlist Resource(s)
  -------------------------------------------------------------------    -------------------
                         (clock sys_clk_pin rise edge)
                                                      0.000     0.000 r  
    W5                                                0.000     0.000 r  clk (IN)
                         net (fo=0)                   0.000     0.000    clk
    W5                   IBUF (Prop_ibuf_I_O)         1.458     1.458 r  clk_IBUF_inst/O
                         net (fo=1, routed)           1.967     3.425    clk_IBUF
    BUFGCTRL_X0Y0        BUFG (Prop_bufg_I_O)         0.096     3.521 r  clk_IBUF_BUFG_inst/O
                         net (fo=377, routed)         1.567     5.088    processing_thread_inst/rms_inst/fsm_rms/clk_IBUF_BUFG
    SLICE_X11Y10         FDRE                                         r  processing_thread_inst/rms_inst/fsm_rms/nr_counter_reg[2]/C
  -------------------------------------------------------------------    -------------------
    SLICE_X11Y10         FDRE (Prop_fdre_C_Q)         0.419     5.507 r  processing_thread_inst/rms_inst/fsm_rms/nr_counter_reg[2]/Q
                         net (fo=24, routed)          1.148     6.656    processing_thread_inst/rms_inst/fsm_rms/nr_counter[2]
    SLICE_X14Y12         LUT6 (Prop_lut6_I3_O)        0.299     6.955 r  processing_thread_inst/rms_inst/fsm_rms/nr_xk20_i_8/O
                         net (fo=3, routed)           1.970     8.925    processing_thread_inst/rms_inst/fsm_rms_n_20
    DSP48_X1Y4           DSP48E1 (Prop_dsp48e1_A[9]_P[19])
                                                      3.841    12.766 r  processing_thread_inst/rms_inst/nr_xk20/P[19]
                         net (fo=2, routed)           0.736    13.502    processing_thread_inst/rms_inst/nr_xk20_n_86
    DSP48_X1Y5           DSP48E1                                      r  processing_thread_inst/rms_inst/nr_xk2x0/A[3]
  -------------------------------------------------------------------    -------------------

                         (clock sys_clk_pin rise edge)
                                                     10.000    10.000 r  
    W5                                                0.000    10.000 r  clk (IN)
                         net (fo=0)                   0.000    10.000    clk
    W5                   IBUF (Prop_ibuf_I_O)         1.388    11.388 r  clk_IBUF_inst/O
                         net (fo=1, routed)           1.862    13.250    clk_IBUF
    BUFGCTRL_X0Y0        BUFG (Prop_bufg_I_O)         0.091    13.341 r  clk_IBUF_BUFG_inst/O
                         net (fo=377, routed)         1.537    14.878    processing_thread_inst/rms_inst/clk_IBUF_BUFG
    DSP48_X1Y5           DSP48E1                                      r  processing_thread_inst/rms_inst/nr_xk2x0/CLK
                         clock pessimism              0.188    15.066    
                         clock uncertainty           -0.035    15.030    
    DSP48_X1Y5           DSP48E1 (Setup_dsp48e1_CLK_A[3])
                                                     -0.362    14.668    processing_thread_inst/rms_inst/nr_xk2x0
  -------------------------------------------------------------------
                         required time                         14.668    
                         arrival time                         -13.502    
  -------------------------------------------------------------------
                         slack                                  1.166    

Slack (MET) :             1.172ns  (required time - arrival time)
  Source:                 processing_thread_inst/rms_inst/fsm_rms/nr_counter_reg[2]/C
                            (rising edge-triggered cell FDRE clocked by sys_clk_pin  {rise@0.000ns fall@5.000ns period=10.000ns})
  Destination:            processing_thread_inst/rms_inst/nr_xk2x0/A[0]
                            (rising edge-triggered cell DSP48E1 clocked by sys_clk_pin  {rise@0.000ns fall@5.000ns period=10.000ns})
  Path Group:             sys_clk_pin
  Path Type:              Setup (Max at Slow Process Corner)
  Requirement:            10.000ns  (sys_clk_pin rise@10.000ns - sys_clk_pin rise@0.000ns)
  Data Path Delay:        8.408ns  (logic 4.559ns (54.221%)  route 3.849ns (45.779%))
  Logic Levels:           2  (DSP48E1=1 LUT6=1)
  Clock Path Skew:        -0.022ns (DCD - SCD + CPR)
    Destination Clock Delay (DCD):    4.878ns = ( 14.878 - 10.000 ) 
    Source Clock Delay      (SCD):    5.088ns
    Clock Pessimism Removal (CPR):    0.188ns
  Clock Uncertainty:      0.035ns  ((TSJ^2 + TIJ^2)^1/2 + DJ) / 2 + PE
    Total System Jitter     (TSJ):    0.071ns
    Total Input Jitter      (TIJ):    0.000ns
    Discrete Jitter          (DJ):    0.000ns
    Phase Error              (PE):    0.000ns

    Location             Delay type                Incr(ns)  Path(ns)    Netlist Resource(s)
  -------------------------------------------------------------------    -------------------
                         (clock sys_clk_pin rise edge)
                                                      0.000     0.000 r  
    W5                                                0.000     0.000 r  clk (IN)
                         net (fo=0)                   0.000     0.000    clk
    W5                   IBUF (Prop_ibuf_I_O)         1.458     1.458 r  clk_IBUF_inst/O
                         net (fo=1, routed)           1.967     3.425    clk_IBUF
    BUFGCTRL_X0Y0        BUFG (Prop_bufg_I_O)         0.096     3.521 r  clk_IBUF_BUFG_inst/O
                         net (fo=377, routed)         1.567     5.088    processing_thread_inst/rms_inst/fsm_rms/clk_IBUF_BUFG
    SLICE_X11Y10         FDRE                                         r  processing_thread_inst/rms_inst/fsm_rms/nr_counter_reg[2]/C
  -------------------------------------------------------------------    -------------------
    SLICE_X11Y10         FDRE (Prop_fdre_C_Q)         0.419     5.507 r  processing_thread_inst/rms_inst/fsm_rms/nr_counter_reg[2]/Q
                         net (fo=24, routed)          1.148     6.656    processing_thread_inst/rms_inst/fsm_rms/nr_counter[2]
    SLICE_X14Y12         LUT6 (Prop_lut6_I3_O)        0.299     6.955 r  processing_thread_inst/rms_inst/fsm_rms/nr_xk20_i_8/O
                         net (fo=3, routed)           1.970     8.925    processing_thread_inst/rms_inst/fsm_rms_n_20
    DSP48_X1Y4           DSP48E1 (Prop_dsp48e1_A[9]_P[16])
                                                      3.841    12.766 r  processing_thread_inst/rms_inst/nr_xk20/P[16]
                         net (fo=2, routed)           0.730    13.496    processing_thread_inst/rms_inst/nr_xk20_n_89
    DSP48_X1Y5           DSP48E1                                      r  processing_thread_inst/rms_inst/nr_xk2x0/A[0]
  -------------------------------------------------------------------    -------------------

                         (clock sys_clk_pin rise edge)
                                                     10.000    10.000 r  
    W5                                                0.000    10.000 r  clk (IN)
                         net (fo=0)                   0.000    10.000    clk
    W5                   IBUF (Prop_ibuf_I_O)         1.388    11.388 r  clk_IBUF_inst/O
                         net (fo=1, routed)           1.862    13.250    clk_IBUF
    BUFGCTRL_X0Y0        BUFG (Prop_bufg_I_O)         0.091    13.341 r  clk_IBUF_BUFG_inst/O
                         net (fo=377, routed)         1.537    14.878    processing_thread_inst/rms_inst/clk_IBUF_BUFG
    DSP48_X1Y5           DSP48E1                                      r  processing_thread_inst/rms_inst/nr_xk2x0/CLK
                         clock pessimism              0.188    15.066    
                         clock uncertainty           -0.035    15.030    
    DSP48_X1Y5           DSP48E1 (Setup_dsp48e1_CLK_A[0])
                                                     -0.362    14.668    processing_thread_inst/rms_inst/nr_xk2x0
  -------------------------------------------------------------------
                         required time                         14.668    
                         arrival time                         -13.496    
  -------------------------------------------------------------------
                         slack                                  1.172    

Slack (MET) :             1.172ns  (required time - arrival time)
  Source:                 processing_thread_inst/rms_inst/fsm_rms/nr_counter_reg[2]/C
                            (rising edge-triggered cell FDRE clocked by sys_clk_pin  {rise@0.000ns fall@5.000ns period=10.000ns})
  Destination:            processing_thread_inst/rms_inst/nr_xk2x0/A[2]
                            (rising edge-triggered cell DSP48E1 clocked by sys_clk_pin  {rise@0.000ns fall@5.000ns period=10.000ns})
  Path Group:             sys_clk_pin
  Path Type:              Setup (Max at Slow Process Corner)
  Requirement:            10.000ns  (sys_clk_pin rise@10.000ns - sys_clk_pin rise@0.000ns)
  Data Path Delay:        8.408ns  (logic 4.559ns (54.221%)  route 3.849ns (45.779%))
  Logic Levels:           2  (DSP48E1=1 LUT6=1)
  Clock Path Skew:        -0.022ns (DCD - SCD + CPR)
    Destination Clock Delay (DCD):    4.878ns = ( 14.878 - 10.000 ) 
    Source Clock Delay      (SCD):    5.088ns
    Clock Pessimism Removal (CPR):    0.188ns
  Clock Uncertainty:      0.035ns  ((TSJ^2 + TIJ^2)^1/2 + DJ) / 2 + PE
    Total System Jitter     (TSJ):    0.071ns
    Total Input Jitter      (TIJ):    0.000ns
    Discrete Jitter          (DJ):    0.000ns
    Phase Error              (PE):    0.000ns

    Location             Delay type                Incr(ns)  Path(ns)    Netlist Resource(s)
  -------------------------------------------------------------------    -------------------
                         (clock sys_clk_pin rise edge)
                                                      0.000     0.000 r  
    W5                                                0.000     0.000 r  clk (IN)
                         net (fo=0)                   0.000     0.000    clk
    W5                   IBUF (Prop_ibuf_I_O)         1.458     1.458 r  clk_IBUF_inst/O
                         net (fo=1, routed)           1.967     3.425    clk_IBUF
    BUFGCTRL_X0Y0        BUFG (Prop_bufg_I_O)         0.096     3.521 r  clk_IBUF_BUFG_inst/O
                         net (fo=377, routed)         1.567     5.088    processing_thread_inst/rms_inst/fsm_rms/clk_IBUF_BUFG
    SLICE_X11Y10         FDRE                                         r  processing_thread_inst/rms_inst/fsm_rms/nr_counter_reg[2]/C
  -------------------------------------------------------------------    -------------------
    SLICE_X11Y10         FDRE (Prop_fdre_C_Q)         0.419     5.507 r  processing_thread_inst/rms_inst/fsm_rms/nr_counter_reg[2]/Q
                         net (fo=24, routed)          1.148     6.656    processing_thread_inst/rms_inst/fsm_rms/nr_counter[2]
    SLICE_X14Y12         LUT6 (Prop_lut6_I3_O)        0.299     6.955 r  processing_thread_inst/rms_inst/fsm_rms/nr_xk20_i_8/O
                         net (fo=3, routed)           1.970     8.925    processing_thread_inst/rms_inst/fsm_rms_n_20
    DSP48_X1Y4           DSP48E1 (Prop_dsp48e1_A[9]_P[18])
                                                      3.841    12.766 r  processing_thread_inst/rms_inst/nr_xk20/P[18]
                         net (fo=2, routed)           0.730    13.496    processing_thread_inst/rms_inst/nr_xk20_n_87
    DSP48_X1Y5           DSP48E1                                      r  processing_thread_inst/rms_inst/nr_xk2x0/A[2]
  -------------------------------------------------------------------    -------------------

                         (clock sys_clk_pin rise edge)
                                                     10.000    10.000 r  
    W5                                                0.000    10.000 r  clk (IN)
                         net (fo=0)                   0.000    10.000    clk
    W5                   IBUF (Prop_ibuf_I_O)         1.388    11.388 r  clk_IBUF_inst/O
                         net (fo=1, routed)           1.862    13.250    clk_IBUF
    BUFGCTRL_X0Y0        BUFG (Prop_bufg_I_O)         0.091    13.341 r  clk_IBUF_BUFG_inst/O
                         net (fo=377, routed)         1.537    14.878    processing_thread_inst/rms_inst/clk_IBUF_BUFG
    DSP48_X1Y5           DSP48E1                                      r  processing_thread_inst/rms_inst/nr_xk2x0/CLK
                         clock pessimism              0.188    15.066    
                         clock uncertainty           -0.035    15.030    
    DSP48_X1Y5           DSP48E1 (Setup_dsp48e1_CLK_A[2])
                                                     -0.362    14.668    processing_thread_inst/rms_inst/nr_xk2x0
  -------------------------------------------------------------------
                         required time                         14.668    
                         arrival time                         -13.496    
  -------------------------------------------------------------------
                         slack                                  1.172    

Slack (MET) :             1.173ns  (required time - arrival time)
  Source:                 processing_thread_inst/rms_inst/fsm_rms/nr_counter_reg[2]/C
                            (rising edge-triggered cell FDRE clocked by sys_clk_pin  {rise@0.000ns fall@5.000ns period=10.000ns})
  Destination:            processing_thread_inst/rms_inst/nr_xk2x0/A[13]
                            (rising edge-triggered cell DSP48E1 clocked by sys_clk_pin  {rise@0.000ns fall@5.000ns period=10.000ns})
  Path Group:             sys_clk_pin
  Path Type:              Setup (Max at Slow Process Corner)
  Requirement:            10.000ns  (sys_clk_pin rise@10.000ns - sys_clk_pin rise@0.000ns)
  Data Path Delay:        8.407ns  (logic 4.559ns (54.230%)  route 3.848ns (45.770%))
  Logic Levels:           2  (DSP48E1=1 LUT6=1)
  Clock Path Skew:        -0.022ns (DCD - SCD + CPR)
    Destination Clock Delay (DCD):    4.878ns = ( 14.878 - 10.000 ) 
    Source Clock Delay      (SCD):    5.088ns
    Clock Pessimism Removal (CPR):    0.188ns
  Clock Uncertainty:      0.035ns  ((TSJ^2 + TIJ^2)^1/2 + DJ) / 2 + PE
    Total System Jitter     (TSJ):    0.071ns
    Total Input Jitter      (TIJ):    0.000ns
    Discrete Jitter          (DJ):    0.000ns
    Phase Error              (PE):    0.000ns

    Location             Delay type                Incr(ns)  Path(ns)    Netlist Resource(s)
  -------------------------------------------------------------------    -------------------
                         (clock sys_clk_pin rise edge)
                                                      0.000     0.000 r  
    W5                                                0.000     0.000 r  clk (IN)
                         net (fo=0)                   0.000     0.000    clk
    W5                   IBUF (Prop_ibuf_I_O)         1.458     1.458 r  clk_IBUF_inst/O
                         net (fo=1, routed)           1.967     3.425    clk_IBUF
    BUFGCTRL_X0Y0        BUFG (Prop_bufg_I_O)         0.096     3.521 r  clk_IBUF_BUFG_inst/O
                         net (fo=377, routed)         1.567     5.088    processing_thread_inst/rms_inst/fsm_rms/clk_IBUF_BUFG
    SLICE_X11Y10         FDRE                                         r  processing_thread_inst/rms_inst/fsm_rms/nr_counter_reg[2]/C
  -------------------------------------------------------------------    -------------------
    SLICE_X11Y10         FDRE (Prop_fdre_C_Q)         0.419     5.507 r  processing_thread_inst/rms_inst/fsm_rms/nr_counter_reg[2]/Q
                         net (fo=24, routed)          1.148     6.656    processing_thread_inst/rms_inst/fsm_rms/nr_counter[2]
    SLICE_X14Y12         LUT6 (Prop_lut6_I3_O)        0.299     6.955 r  processing_thread_inst/rms_inst/fsm_rms/nr_xk20_i_8/O
                         net (fo=3, routed)           1.970     8.925    processing_thread_inst/rms_inst/fsm_rms_n_20
    DSP48_X1Y4           DSP48E1 (Prop_dsp48e1_A[9]_P[29])
                                                      3.841    12.766 r  processing_thread_inst/rms_inst/nr_xk20/P[29]
                         net (fo=2, routed)           0.729    13.495    processing_thread_inst/rms_inst/nr_xk20_n_76
    DSP48_X1Y5           DSP48E1                                      r  processing_thread_inst/rms_inst/nr_xk2x0/A[13]
  -------------------------------------------------------------------    -------------------

                         (clock sys_clk_pin rise edge)
                                                     10.000    10.000 r  
    W5                                                0.000    10.000 r  clk (IN)
                         net (fo=0)                   0.000    10.000    clk
    W5                   IBUF (Prop_ibuf_I_O)         1.388    11.388 r  clk_IBUF_inst/O
                         net (fo=1, routed)           1.862    13.250    clk_IBUF
    BUFGCTRL_X0Y0        BUFG (Prop_bufg_I_O)         0.091    13.341 r  clk_IBUF_BUFG_inst/O
                         net (fo=377, routed)         1.537    14.878    processing_thread_inst/rms_inst/clk_IBUF_BUFG
    DSP48_X1Y5           DSP48E1                                      r  processing_thread_inst/rms_inst/nr_xk2x0/CLK
                         clock pessimism              0.188    15.066    
                         clock uncertainty           -0.035    15.030    
    DSP48_X1Y5           DSP48E1 (Setup_dsp48e1_CLK_A[13])
                                                     -0.362    14.668    processing_thread_inst/rms_inst/nr_xk2x0
  -------------------------------------------------------------------
                         required time                         14.668    
                         arrival time                         -13.495    
  -------------------------------------------------------------------
                         slack                                  1.173    

Slack (MET) :             1.184ns  (required time - arrival time)
  Source:                 processing_thread_inst/rms_inst/fsm_rms/nr_counter_reg[2]/C
                            (rising edge-triggered cell FDRE clocked by sys_clk_pin  {rise@0.000ns fall@5.000ns period=10.000ns})
  Destination:            processing_thread_inst/rms_inst/nr_xk2x0/A[17]
                            (rising edge-triggered cell DSP48E1 clocked by sys_clk_pin  {rise@0.000ns fall@5.000ns period=10.000ns})
  Path Group:             sys_clk_pin
  Path Type:              Setup (Max at Slow Process Corner)
  Requirement:            10.000ns  (sys_clk_pin rise@10.000ns - sys_clk_pin rise@0.000ns)
  Data Path Delay:        8.397ns  (logic 4.559ns (54.296%)  route 3.838ns (45.704%))
  Logic Levels:           2  (DSP48E1=1 LUT6=1)
  Clock Path Skew:        -0.022ns (DCD - SCD + CPR)
    Destination Clock Delay (DCD):    4.878ns = ( 14.878 - 10.000 ) 
    Source Clock Delay      (SCD):    5.088ns
    Clock Pessimism Removal (CPR):    0.188ns
  Clock Uncertainty:      0.035ns  ((TSJ^2 + TIJ^2)^1/2 + DJ) / 2 + PE
    Total System Jitter     (TSJ):    0.071ns
    Total Input Jitter      (TIJ):    0.000ns
    Discrete Jitter          (DJ):    0.000ns
    Phase Error              (PE):    0.000ns

    Location             Delay type                Incr(ns)  Path(ns)    Netlist Resource(s)
  -------------------------------------------------------------------    -------------------
                         (clock sys_clk_pin rise edge)
                                                      0.000     0.000 r  
    W5                                                0.000     0.000 r  clk (IN)
                         net (fo=0)                   0.000     0.000    clk
    W5                   IBUF (Prop_ibuf_I_O)         1.458     1.458 r  clk_IBUF_inst/O
                         net (fo=1, routed)           1.967     3.425    clk_IBUF
    BUFGCTRL_X0Y0        BUFG (Prop_bufg_I_O)         0.096     3.521 r  clk_IBUF_BUFG_inst/O
                         net (fo=377, routed)         1.567     5.088    processing_thread_inst/rms_inst/fsm_rms/clk_IBUF_BUFG
    SLICE_X11Y10         FDRE                                         r  processing_thread_inst/rms_inst/fsm_rms/nr_counter_reg[2]/C
  -------------------------------------------------------------------    -------------------
    SLICE_X11Y10         FDRE (Prop_fdre_C_Q)         0.419     5.507 r  processing_thread_inst/rms_inst/fsm_rms/nr_counter_reg[2]/Q
                         net (fo=24, routed)          1.148     6.656    processing_thread_inst/rms_inst/fsm_rms/nr_counter[2]
    SLICE_X14Y12         LUT6 (Prop_lut6_I3_O)        0.299     6.955 r  processing_thread_inst/rms_inst/fsm_rms/nr_xk20_i_8/O
                         net (fo=3, routed)           1.970     8.925    processing_thread_inst/rms_inst/fsm_rms_n_20
    DSP48_X1Y4           DSP48E1 (Prop_dsp48e1_A[9]_P[33])
                                                      3.841    12.766 r  processing_thread_inst/rms_inst/nr_xk20/P[33]
                         net (fo=1, routed)           0.719    13.485    processing_thread_inst/rms_inst/nr_xk20_n_72
    DSP48_X1Y5           DSP48E1                                      r  processing_thread_inst/rms_inst/nr_xk2x0/A[17]
  -------------------------------------------------------------------    -------------------

                         (clock sys_clk_pin rise edge)
                                                     10.000    10.000 r  
    W5                                                0.000    10.000 r  clk (IN)
                         net (fo=0)                   0.000    10.000    clk
    W5                   IBUF (Prop_ibuf_I_O)         1.388    11.388 r  clk_IBUF_inst/O
                         net (fo=1, routed)           1.862    13.250    clk_IBUF
    BUFGCTRL_X0Y0        BUFG (Prop_bufg_I_O)         0.091    13.341 r  clk_IBUF_BUFG_inst/O
                         net (fo=377, routed)         1.537    14.878    processing_thread_inst/rms_inst/clk_IBUF_BUFG
    DSP48_X1Y5           DSP48E1                                      r  processing_thread_inst/rms_inst/nr_xk2x0/CLK
                         clock pessimism              0.188    15.066    
                         clock uncertainty           -0.035    15.030    
    DSP48_X1Y5           DSP48E1 (Setup_dsp48e1_CLK_A[17])
                                                     -0.362    14.668    processing_thread_inst/rms_inst/nr_xk2x0
  -------------------------------------------------------------------
                         required time                         14.668    
                         arrival time                         -13.485    
  -------------------------------------------------------------------
                         slack                                  1.184    





Min Delay Paths
--------------------------------------------------------------------------------------
Slack (MET) :             0.134ns  (arrival time - required time)
  Source:                 processing_thread_inst/max_inst/max_fsm/FSM_onehot_current_state_reg[2]/C
                            (rising edge-triggered cell FDRE clocked by sys_clk_pin  {rise@0.000ns fall@5.000ns period=10.000ns})
  Destination:            processing_thread_inst/max_inst/max_fsm/FSM_onehot_current_state_reg[0]/D
                            (rising edge-triggered cell FDSE clocked by sys_clk_pin  {rise@0.000ns fall@5.000ns period=10.000ns})
  Path Group:             sys_clk_pin
  Path Type:              Hold (Min at Fast Process Corner)
  Requirement:            0.000ns  (sys_clk_pin rise@0.000ns - sys_clk_pin rise@0.000ns)
  Data Path Delay:        0.209ns  (logic 0.141ns (67.454%)  route 0.068ns (32.546%))
  Logic Levels:           0  
  Clock Path Skew:        0.000ns (DCD - SCD - CPR)
    Destination Clock Delay (DCD):    1.961ns
    Source Clock Delay      (SCD):    1.447ns
    Clock Pessimism Removal (CPR):    0.514ns

    Location             Delay type                Incr(ns)  Path(ns)    Netlist Resource(s)
  -------------------------------------------------------------------    -------------------
                         (clock sys_clk_pin rise edge)
                                                      0.000     0.000 r  
    W5                                                0.000     0.000 r  clk (IN)
                         net (fo=0)                   0.000     0.000    clk
    W5                   IBUF (Prop_ibuf_I_O)         0.226     0.226 r  clk_IBUF_inst/O
                         net (fo=1, routed)           0.631     0.858    clk_IBUF
    BUFGCTRL_X0Y0        BUFG (Prop_bufg_I_O)         0.026     0.884 r  clk_IBUF_BUFG_inst/O
                         net (fo=377, routed)         0.564     1.447    processing_thread_inst/max_inst/max_fsm/clk_IBUF_BUFG
    SLICE_X9Y10          FDRE                                         r  processing_thread_inst/max_inst/max_fsm/FSM_onehot_current_state_reg[2]/C
  -------------------------------------------------------------------    -------------------
    SLICE_X9Y10          FDRE (Prop_fdre_C_Q)         0.141     1.588 r  processing_thread_inst/max_inst/max_fsm/FSM_onehot_current_state_reg[2]/Q
                         net (fo=4, routed)           0.068     1.656    processing_thread_inst/max_inst/max_fsm/Q[1]
    SLICE_X9Y10          FDSE                                         r  processing_thread_inst/max_inst/max_fsm/FSM_onehot_current_state_reg[0]/D
  -------------------------------------------------------------------    -------------------

                         (clock sys_clk_pin rise edge)
                                                      0.000     0.000 r  
    W5                                                0.000     0.000 r  clk (IN)
                         net (fo=0)                   0.000     0.000    clk
    W5                   IBUF (Prop_ibuf_I_O)         0.414     0.414 r  clk_IBUF_inst/O
                         net (fo=1, routed)           0.685     1.099    clk_IBUF
    BUFGCTRL_X0Y0        BUFG (Prop_bufg_I_O)         0.029     1.128 r  clk_IBUF_BUFG_inst/O
                         net (fo=377, routed)         0.834     1.961    processing_thread_inst/max_inst/max_fsm/clk_IBUF_BUFG
    SLICE_X9Y10          FDSE                                         r  processing_thread_inst/max_inst/max_fsm/FSM_onehot_current_state_reg[0]/C
                         clock pessimism             -0.514     1.447    
    SLICE_X9Y10          FDSE (Hold_fdse_C_D)         0.075     1.522    processing_thread_inst/max_inst/max_fsm/FSM_onehot_current_state_reg[0]
  -------------------------------------------------------------------
                         required time                         -1.522    
                         arrival time                           1.656    
  -------------------------------------------------------------------
                         slack                                  0.134    

Slack (MET) :             0.138ns  (arrival time - required time)
  Source:                 visualization_thread_inst/bin27seg/bin2bcd_multi1/bcd_reg[13]/C
                            (rising edge-triggered cell FDRE clocked by sys_clk_pin  {rise@0.000ns fall@5.000ns period=10.000ns})
  Destination:            visualization_thread_inst/bin27seg/seg4/seg_reg[6]/D
                            (rising edge-triggered cell FDRE clocked by sys_clk_pin  {rise@0.000ns fall@5.000ns period=10.000ns})
  Path Group:             sys_clk_pin
  Path Type:              Hold (Min at Fast Process Corner)
  Requirement:            0.000ns  (sys_clk_pin rise@0.000ns - sys_clk_pin rise@0.000ns)
  Data Path Delay:        0.272ns  (logic 0.186ns (68.270%)  route 0.086ns (31.730%))
  Logic Levels:           1  (LUT4=1)
  Clock Path Skew:        0.013ns (DCD - SCD - CPR)
    Destination Clock Delay (DCD):    1.987ns
    Source Clock Delay      (SCD):    1.474ns
    Clock Pessimism Removal (CPR):    0.500ns

    Location             Delay type                Incr(ns)  Path(ns)    Netlist Resource(s)
  -------------------------------------------------------------------    -------------------
                         (clock sys_clk_pin rise edge)
                                                      0.000     0.000 r  
    W5                                                0.000     0.000 r  clk (IN)
                         net (fo=0)                   0.000     0.000    clk
    W5                   IBUF (Prop_ibuf_I_O)         0.226     0.226 r  clk_IBUF_inst/O
                         net (fo=1, routed)           0.631     0.858    clk_IBUF
    BUFGCTRL_X0Y0        BUFG (Prop_bufg_I_O)         0.026     0.884 r  clk_IBUF_BUFG_inst/O
                         net (fo=377, routed)         0.591     1.474    visualization_thread_inst/bin27seg/bin2bcd_multi1/clk_IBUF_BUFG
    SLICE_X3Y15          FDRE                                         r  visualization_thread_inst/bin27seg/bin2bcd_multi1/bcd_reg[13]/C
  -------------------------------------------------------------------    -------------------
    SLICE_X3Y15          FDRE (Prop_fdre_C_Q)         0.141     1.615 r  visualization_thread_inst/bin27seg/bin2bcd_multi1/bcd_reg[13]/Q
                         net (fo=7, routed)           0.086     1.702    visualization_thread_inst/bin27seg/seg4/Q[1]
    SLICE_X2Y15          LUT4 (Prop_lut4_I3_O)        0.045     1.747 r  visualization_thread_inst/bin27seg/seg4/seg[6]_i_1/O
                         net (fo=1, routed)           0.000     1.747    visualization_thread_inst/bin27seg/seg4/seg[6]
    SLICE_X2Y15          FDRE                                         r  visualization_thread_inst/bin27seg/seg4/seg_reg[6]/D
  -------------------------------------------------------------------    -------------------

                         (clock sys_clk_pin rise edge)
                                                      0.000     0.000 r  
    W5                                                0.000     0.000 r  clk (IN)
                         net (fo=0)                   0.000     0.000    clk
    W5                   IBUF (Prop_ibuf_I_O)         0.414     0.414 r  clk_IBUF_inst/O
                         net (fo=1, routed)           0.685     1.099    clk_IBUF
    BUFGCTRL_X0Y0        BUFG (Prop_bufg_I_O)         0.029     1.128 r  clk_IBUF_BUFG_inst/O
                         net (fo=377, routed)         0.860     1.987    visualization_thread_inst/bin27seg/seg4/clk_IBUF_BUFG
    SLICE_X2Y15          FDRE                                         r  visualization_thread_inst/bin27seg/seg4/seg_reg[6]/C
                         clock pessimism             -0.500     1.487    
    SLICE_X2Y15          FDRE (Hold_fdre_C_D)         0.121     1.608    visualization_thread_inst/bin27seg/seg4/seg_reg[6]
  -------------------------------------------------------------------
                         required time                         -1.608    
                         arrival time                           1.747    
  -------------------------------------------------------------------
                         slack                                  0.138    

Slack (MET) :             0.165ns  (arrival time - required time)
  Source:                 visualization_thread_inst/bin27seg/bin2bcd_multi1/bcd_reg[12]/C
                            (rising edge-triggered cell FDRE clocked by sys_clk_pin  {rise@0.000ns fall@5.000ns period=10.000ns})
  Destination:            visualization_thread_inst/bin27seg/seg4/seg_reg[1]/D
                            (rising edge-triggered cell FDRE clocked by sys_clk_pin  {rise@0.000ns fall@5.000ns period=10.000ns})
  Path Group:             sys_clk_pin
  Path Type:              Hold (Min at Fast Process Corner)
  Requirement:            0.000ns  (sys_clk_pin rise@0.000ns - sys_clk_pin rise@0.000ns)
  Data Path Delay:        0.309ns  (logic 0.189ns (61.083%)  route 0.120ns (38.917%))
  Logic Levels:           1  (LUT4=1)
  Clock Path Skew:        0.013ns (DCD - SCD - CPR)
    Destination Clock Delay (DCD):    1.987ns
    Source Clock Delay      (SCD):    1.474ns
    Clock Pessimism Removal (CPR):    0.500ns

    Location             Delay type                Incr(ns)  Path(ns)    Netlist Resource(s)
  -------------------------------------------------------------------    -------------------
                         (clock sys_clk_pin rise edge)
                                                      0.000     0.000 r  
    W5                                                0.000     0.000 r  clk (IN)
                         net (fo=0)                   0.000     0.000    clk
    W5                   IBUF (Prop_ibuf_I_O)         0.226     0.226 r  clk_IBUF_inst/O
                         net (fo=1, routed)           0.631     0.858    clk_IBUF
    BUFGCTRL_X0Y0        BUFG (Prop_bufg_I_O)         0.026     0.884 r  clk_IBUF_BUFG_inst/O
                         net (fo=377, routed)         0.591     1.474    visualization_thread_inst/bin27seg/bin2bcd_multi1/clk_IBUF_BUFG
    SLICE_X3Y15          FDRE                                         r  visualization_thread_inst/bin27seg/bin2bcd_multi1/bcd_reg[12]/C
  -------------------------------------------------------------------    -------------------
    SLICE_X3Y15          FDRE (Prop_fdre_C_Q)         0.141     1.615 r  visualization_thread_inst/bin27seg/bin2bcd_multi1/bcd_reg[12]/Q
                         net (fo=7, routed)           0.120     1.736    visualization_thread_inst/bin27seg/seg4/Q[0]
    SLICE_X2Y15          LUT4 (Prop_lut4_I3_O)        0.048     1.784 r  visualization_thread_inst/bin27seg/seg4/seg[1]_i_1/O
                         net (fo=1, routed)           0.000     1.784    visualization_thread_inst/bin27seg/seg4/seg[1]
    SLICE_X2Y15          FDRE                                         r  visualization_thread_inst/bin27seg/seg4/seg_reg[1]/D
  -------------------------------------------------------------------    -------------------

                         (clock sys_clk_pin rise edge)
                                                      0.000     0.000 r  
    W5                                                0.000     0.000 r  clk (IN)
                         net (fo=0)                   0.000     0.000    clk
    W5                   IBUF (Prop_ibuf_I_O)         0.414     0.414 r  clk_IBUF_inst/O
                         net (fo=1, routed)           0.685     1.099    clk_IBUF
    BUFGCTRL_X0Y0        BUFG (Prop_bufg_I_O)         0.029     1.128 r  clk_IBUF_BUFG_inst/O
                         net (fo=377, routed)         0.860     1.987    visualization_thread_inst/bin27seg/seg4/clk_IBUF_BUFG
    SLICE_X2Y15          FDRE                                         r  visualization_thread_inst/bin27seg/seg4/seg_reg[1]/C
                         clock pessimism             -0.500     1.487    
    SLICE_X2Y15          FDRE (Hold_fdre_C_D)         0.131     1.618    visualization_thread_inst/bin27seg/seg4/seg_reg[1]
  -------------------------------------------------------------------
                         required time                         -1.618    
                         arrival time                           1.784    
  -------------------------------------------------------------------
                         slack                                  0.165    

Slack (MET) :             0.169ns  (arrival time - required time)
  Source:                 visualization_thread_inst/bin27seg/bin2bcd_multi1/bcd_reg[12]/C
                            (rising edge-triggered cell FDRE clocked by sys_clk_pin  {rise@0.000ns fall@5.000ns period=10.000ns})
  Destination:            visualization_thread_inst/bin27seg/seg4/seg_reg[3]/D
                            (rising edge-triggered cell FDRE clocked by sys_clk_pin  {rise@0.000ns fall@5.000ns period=10.000ns})
  Path Group:             sys_clk_pin
  Path Type:              Hold (Min at Fast Process Corner)
  Requirement:            0.000ns  (sys_clk_pin rise@0.000ns - sys_clk_pin rise@0.000ns)
  Data Path Delay:        0.313ns  (logic 0.189ns (60.303%)  route 0.124ns (39.697%))
  Logic Levels:           1  (LUT4=1)
  Clock Path Skew:        0.013ns (DCD - SCD - CPR)
    Destination Clock Delay (DCD):    1.987ns
    Source Clock Delay      (SCD):    1.474ns
    Clock Pessimism Removal (CPR):    0.500ns

    Location             Delay type                Incr(ns)  Path(ns)    Netlist Resource(s)
  -------------------------------------------------------------------    -------------------
                         (clock sys_clk_pin rise edge)
                                                      0.000     0.000 r  
    W5                                                0.000     0.000 r  clk (IN)
                         net (fo=0)                   0.000     0.000    clk
    W5                   IBUF (Prop_ibuf_I_O)         0.226     0.226 r  clk_IBUF_inst/O
                         net (fo=1, routed)           0.631     0.858    clk_IBUF
    BUFGCTRL_X0Y0        BUFG (Prop_bufg_I_O)         0.026     0.884 r  clk_IBUF_BUFG_inst/O
                         net (fo=377, routed)         0.591     1.474    visualization_thread_inst/bin27seg/bin2bcd_multi1/clk_IBUF_BUFG
    SLICE_X3Y15          FDRE                                         r  visualization_thread_inst/bin27seg/bin2bcd_multi1/bcd_reg[12]/C
  -------------------------------------------------------------------    -------------------
    SLICE_X3Y15          FDRE (Prop_fdre_C_Q)         0.141     1.615 r  visualization_thread_inst/bin27seg/bin2bcd_multi1/bcd_reg[12]/Q
                         net (fo=7, routed)           0.124     1.740    visualization_thread_inst/bin27seg/seg4/Q[0]
    SLICE_X2Y15          LUT4 (Prop_lut4_I2_O)        0.048     1.788 r  visualization_thread_inst/bin27seg/seg4/seg[3]_i_1/O
                         net (fo=1, routed)           0.000     1.788    visualization_thread_inst/bin27seg/seg4/seg[3]
    SLICE_X2Y15          FDRE                                         r  visualization_thread_inst/bin27seg/seg4/seg_reg[3]/D
  -------------------------------------------------------------------    -------------------

                         (clock sys_clk_pin rise edge)
                                                      0.000     0.000 r  
    W5                                                0.000     0.000 r  clk (IN)
                         net (fo=0)                   0.000     0.000    clk
    W5                   IBUF (Prop_ibuf_I_O)         0.414     0.414 r  clk_IBUF_inst/O
                         net (fo=1, routed)           0.685     1.099    clk_IBUF
    BUFGCTRL_X0Y0        BUFG (Prop_bufg_I_O)         0.029     1.128 r  clk_IBUF_BUFG_inst/O
                         net (fo=377, routed)         0.860     1.987    visualization_thread_inst/bin27seg/seg4/clk_IBUF_BUFG
    SLICE_X2Y15          FDRE                                         r  visualization_thread_inst/bin27seg/seg4/seg_reg[3]/C
                         clock pessimism             -0.500     1.487    
    SLICE_X2Y15          FDRE (Hold_fdre_C_D)         0.131     1.618    visualization_thread_inst/bin27seg/seg4/seg_reg[3]
  -------------------------------------------------------------------
                         required time                         -1.618    
                         arrival time                           1.788    
  -------------------------------------------------------------------
                         slack                                  0.169    

Slack (MET) :             0.173ns  (arrival time - required time)
  Source:                 visualization_thread_inst/bin27seg/bin2bcd_multi1/bcd_reg[12]/C
                            (rising edge-triggered cell FDRE clocked by sys_clk_pin  {rise@0.000ns fall@5.000ns period=10.000ns})
  Destination:            visualization_thread_inst/bin27seg/seg4/seg_reg[0]/D
                            (rising edge-triggered cell FDRE clocked by sys_clk_pin  {rise@0.000ns fall@5.000ns period=10.000ns})
  Path Group:             sys_clk_pin
  Path Type:              Hold (Min at Fast Process Corner)
  Requirement:            0.000ns  (sys_clk_pin rise@0.000ns - sys_clk_pin rise@0.000ns)
  Data Path Delay:        0.306ns  (logic 0.186ns (60.702%)  route 0.120ns (39.298%))
  Logic Levels:           1  (LUT4=1)
  Clock Path Skew:        0.013ns (DCD - SCD - CPR)
    Destination Clock Delay (DCD):    1.987ns
    Source Clock Delay      (SCD):    1.474ns
    Clock Pessimism Removal (CPR):    0.500ns

    Location             Delay type                Incr(ns)  Path(ns)    Netlist Resource(s)
  -------------------------------------------------------------------    -------------------
                         (clock sys_clk_pin rise edge)
                                                      0.000     0.000 r  
    W5                                                0.000     0.000 r  clk (IN)
                         net (fo=0)                   0.000     0.000    clk
    W5                   IBUF (Prop_ibuf_I_O)         0.226     0.226 r  clk_IBUF_inst/O
                         net (fo=1, routed)           0.631     0.858    clk_IBUF
    BUFGCTRL_X0Y0        BUFG (Prop_bufg_I_O)         0.026     0.884 r  clk_IBUF_BUFG_inst/O
                         net (fo=377, routed)         0.591     1.474    visualization_thread_inst/bin27seg/bin2bcd_multi1/clk_IBUF_BUFG
    SLICE_X3Y15          FDRE                                         r  visualization_thread_inst/bin27seg/bin2bcd_multi1/bcd_reg[12]/C
  -------------------------------------------------------------------    -------------------
    SLICE_X3Y15          FDRE (Prop_fdre_C_Q)         0.141     1.615 r  visualization_thread_inst/bin27seg/bin2bcd_multi1/bcd_reg[12]/Q
                         net (fo=7, routed)           0.120     1.736    visualization_thread_inst/bin27seg/seg4/Q[0]
    SLICE_X2Y15          LUT4 (Prop_lut4_I2_O)        0.045     1.781 r  visualization_thread_inst/bin27seg/seg4/seg[0]_i_1/O
                         net (fo=1, routed)           0.000     1.781    visualization_thread_inst/bin27seg/seg4/seg[0]
    SLICE_X2Y15          FDRE                                         r  visualization_thread_inst/bin27seg/seg4/seg_reg[0]/D
  -------------------------------------------------------------------    -------------------

                         (clock sys_clk_pin rise edge)
                                                      0.000     0.000 r  
    W5                                                0.000     0.000 r  clk (IN)
                         net (fo=0)                   0.000     0.000    clk
    W5                   IBUF (Prop_ibuf_I_O)         0.414     0.414 r  clk_IBUF_inst/O
                         net (fo=1, routed)           0.685     1.099    clk_IBUF
    BUFGCTRL_X0Y0        BUFG (Prop_bufg_I_O)         0.029     1.128 r  clk_IBUF_BUFG_inst/O
                         net (fo=377, routed)         0.860     1.987    visualization_thread_inst/bin27seg/seg4/clk_IBUF_BUFG
    SLICE_X2Y15          FDRE                                         r  visualization_thread_inst/bin27seg/seg4/seg_reg[0]/C
                         clock pessimism             -0.500     1.487    
    SLICE_X2Y15          FDRE (Hold_fdre_C_D)         0.120     1.607    visualization_thread_inst/bin27seg/seg4/seg_reg[0]
  -------------------------------------------------------------------
                         required time                         -1.607    
                         arrival time                           1.781    
  -------------------------------------------------------------------
                         slack                                  0.173    

Slack (MET) :             0.176ns  (arrival time - required time)
  Source:                 visualization_thread_inst/bin27seg/bin2bcd_multi1/bcd_reg[12]/C
                            (rising edge-triggered cell FDRE clocked by sys_clk_pin  {rise@0.000ns fall@5.000ns period=10.000ns})
  Destination:            visualization_thread_inst/bin27seg/seg4/seg_reg[2]/D
                            (rising edge-triggered cell FDRE clocked by sys_clk_pin  {rise@0.000ns fall@5.000ns period=10.000ns})
  Path Group:             sys_clk_pin
  Path Type:              Hold (Min at Fast Process Corner)
  Requirement:            0.000ns  (sys_clk_pin rise@0.000ns - sys_clk_pin rise@0.000ns)
  Data Path Delay:        0.310ns  (logic 0.186ns (59.920%)  route 0.124ns (40.080%))
  Logic Levels:           1  (LUT4=1)
  Clock Path Skew:        0.013ns (DCD - SCD - CPR)
    Destination Clock Delay (DCD):    1.987ns
    Source Clock Delay      (SCD):    1.474ns
    Clock Pessimism Removal (CPR):    0.500ns

    Location             Delay type                Incr(ns)  Path(ns)    Netlist Resource(s)
  -------------------------------------------------------------------    -------------------
                         (clock sys_clk_pin rise edge)
                                                      0.000     0.000 r  
    W5                                                0.000     0.000 r  clk (IN)
                         net (fo=0)                   0.000     0.000    clk
    W5                   IBUF (Prop_ibuf_I_O)         0.226     0.226 r  clk_IBUF_inst/O
                         net (fo=1, routed)           0.631     0.858    clk_IBUF
    BUFGCTRL_X0Y0        BUFG (Prop_bufg_I_O)         0.026     0.884 r  clk_IBUF_BUFG_inst/O
                         net (fo=377, routed)         0.591     1.474    visualization_thread_inst/bin27seg/bin2bcd_multi1/clk_IBUF_BUFG
    SLICE_X3Y15          FDRE                                         r  visualization_thread_inst/bin27seg/bin2bcd_multi1/bcd_reg[12]/C
  -------------------------------------------------------------------    -------------------
    SLICE_X3Y15          FDRE (Prop_fdre_C_Q)         0.141     1.615 f  visualization_thread_inst/bin27seg/bin2bcd_multi1/bcd_reg[12]/Q
                         net (fo=7, routed)           0.124     1.740    visualization_thread_inst/bin27seg/seg4/Q[0]
    SLICE_X2Y15          LUT4 (Prop_lut4_I1_O)        0.045     1.785 r  visualization_thread_inst/bin27seg/seg4/seg[2]_i_1/O
                         net (fo=1, routed)           0.000     1.785    visualization_thread_inst/bin27seg/seg4/seg[2]
    SLICE_X2Y15          FDRE                                         r  visualization_thread_inst/bin27seg/seg4/seg_reg[2]/D
  -------------------------------------------------------------------    -------------------

                         (clock sys_clk_pin rise edge)
                                                      0.000     0.000 r  
    W5                                                0.000     0.000 r  clk (IN)
                         net (fo=0)                   0.000     0.000    clk
    W5                   IBUF (Prop_ibuf_I_O)         0.414     0.414 r  clk_IBUF_inst/O
                         net (fo=1, routed)           0.685     1.099    clk_IBUF
    BUFGCTRL_X0Y0        BUFG (Prop_bufg_I_O)         0.029     1.128 r  clk_IBUF_BUFG_inst/O
                         net (fo=377, routed)         0.860     1.987    visualization_thread_inst/bin27seg/seg4/clk_IBUF_BUFG
    SLICE_X2Y15          FDRE                                         r  visualization_thread_inst/bin27seg/seg4/seg_reg[2]/C
                         clock pessimism             -0.500     1.487    
    SLICE_X2Y15          FDRE (Hold_fdre_C_D)         0.121     1.608    visualization_thread_inst/bin27seg/seg4/seg_reg[2]
  -------------------------------------------------------------------
                         required time                         -1.608    
                         arrival time                           1.785    
  -------------------------------------------------------------------
                         slack                                  0.176    

Slack (MET) :             0.179ns  (arrival time - required time)
  Source:                 processing_thread_inst/rms_inst/fsm_rms/FSM_onehot_current_state_reg[0]/C
                            (rising edge-triggered cell FDSE clocked by sys_clk_pin  {rise@0.000ns fall@5.000ns period=10.000ns})
  Destination:            processing_thread_inst/rms_inst/fsm_rms/FSM_onehot_current_state_reg[1]/D
                            (rising edge-triggered cell FDRE clocked by sys_clk_pin  {rise@0.000ns fall@5.000ns period=10.000ns})
  Path Group:             sys_clk_pin
  Path Type:              Hold (Min at Fast Process Corner)
  Requirement:            0.000ns  (sys_clk_pin rise@0.000ns - sys_clk_pin rise@0.000ns)
  Data Path Delay:        0.232ns  (logic 0.164ns (70.660%)  route 0.068ns (29.340%))
  Logic Levels:           0  
  Clock Path Skew:        0.000ns (DCD - SCD - CPR)
    Destination Clock Delay (DCD):    1.959ns
    Source Clock Delay      (SCD):    1.446ns
    Clock Pessimism Removal (CPR):    0.513ns

    Location             Delay type                Incr(ns)  Path(ns)    Netlist Resource(s)
  -------------------------------------------------------------------    -------------------
                         (clock sys_clk_pin rise edge)
                                                      0.000     0.000 r  
    W5                                                0.000     0.000 r  clk (IN)
                         net (fo=0)                   0.000     0.000    clk
    W5                   IBUF (Prop_ibuf_I_O)         0.226     0.226 r  clk_IBUF_inst/O
                         net (fo=1, routed)           0.631     0.858    clk_IBUF
    BUFGCTRL_X0Y0        BUFG (Prop_bufg_I_O)         0.026     0.884 r  clk_IBUF_BUFG_inst/O
                         net (fo=377, routed)         0.563     1.446    processing_thread_inst/rms_inst/fsm_rms/clk_IBUF_BUFG
    SLICE_X8Y12          FDSE                                         r  processing_thread_inst/rms_inst/fsm_rms/FSM_onehot_current_state_reg[0]/C
  -------------------------------------------------------------------    -------------------
    SLICE_X8Y12          FDSE (Prop_fdse_C_Q)         0.164     1.610 r  processing_thread_inst/rms_inst/fsm_rms/FSM_onehot_current_state_reg[0]/Q
                         net (fo=3, routed)           0.068     1.678    processing_thread_inst/rms_inst/fsm_rms/Q[0]
    SLICE_X8Y12          FDRE                                         r  processing_thread_inst/rms_inst/fsm_rms/FSM_onehot_current_state_reg[1]/D
  -------------------------------------------------------------------    -------------------

                         (clock sys_clk_pin rise edge)
                                                      0.000     0.000 r  
    W5                                                0.000     0.000 r  clk (IN)
                         net (fo=0)                   0.000     0.000    clk
    W5                   IBUF (Prop_ibuf_I_O)         0.414     0.414 r  clk_IBUF_inst/O
                         net (fo=1, routed)           0.685     1.099    clk_IBUF
    BUFGCTRL_X0Y0        BUFG (Prop_bufg_I_O)         0.029     1.128 r  clk_IBUF_BUFG_inst/O
                         net (fo=377, routed)         0.832     1.959    processing_thread_inst/rms_inst/fsm_rms/clk_IBUF_BUFG
    SLICE_X8Y12          FDRE                                         r  processing_thread_inst/rms_inst/fsm_rms/FSM_onehot_current_state_reg[1]/C
                         clock pessimism             -0.513     1.446    
    SLICE_X8Y12          FDRE (Hold_fdre_C_D)         0.053     1.499    processing_thread_inst/rms_inst/fsm_rms/FSM_onehot_current_state_reg[1]
  -------------------------------------------------------------------
                         required time                         -1.499    
                         arrival time                           1.678    
  -------------------------------------------------------------------
                         slack                                  0.179    

Slack (MET) :             0.186ns  (arrival time - required time)
  Source:                 ad1_thread_inst/ad1_driver_inst/data0_reg[11]/C
                            (rising edge-triggered cell FDRE clocked by sys_clk_pin  {rise@0.000ns fall@5.000ns period=10.000ns})
  Destination:            acquisiton_thread_inst/data0_q2_12_reg/A[11]
                            (rising edge-triggered cell DSP48E1 clocked by sys_clk_pin  {rise@0.000ns fall@5.000ns period=10.000ns})
  Path Group:             sys_clk_pin
  Path Type:              Hold (Min at Fast Process Corner)
  Requirement:            0.000ns  (sys_clk_pin rise@0.000ns - sys_clk_pin rise@0.000ns)
  Data Path Delay:        0.376ns  (logic 0.164ns (43.566%)  route 0.212ns (56.434%))
  Logic Levels:           0  
  Clock Path Skew:        0.125ns (DCD - SCD - CPR)
    Destination Clock Delay (DCD):    2.053ns
    Source Clock Delay      (SCD):    1.450ns
    Clock Pessimism Removal (CPR):    0.478ns

    Location             Delay type                Incr(ns)  Path(ns)    Netlist Resource(s)
  -------------------------------------------------------------------    -------------------
                         (clock sys_clk_pin rise edge)
                                                      0.000     0.000 r  
    W5                                                0.000     0.000 r  clk (IN)
                         net (fo=0)                   0.000     0.000    clk
    W5                   IBUF (Prop_ibuf_I_O)         0.226     0.226 r  clk_IBUF_inst/O
                         net (fo=1, routed)           0.631     0.858    clk_IBUF
    BUFGCTRL_X0Y0        BUFG (Prop_bufg_I_O)         0.026     0.884 r  clk_IBUF_BUFG_inst/O
                         net (fo=377, routed)         0.567     1.450    ad1_thread_inst/ad1_driver_inst/clk_IBUF_BUFG
    SLICE_X12Y2          FDRE                                         r  ad1_thread_inst/ad1_driver_inst/data0_reg[11]/C
  -------------------------------------------------------------------    -------------------
    SLICE_X12Y2          FDRE (Prop_fdre_C_Q)         0.164     1.614 r  ad1_thread_inst/ad1_driver_inst/data0_reg[11]/Q
                         net (fo=1, routed)           0.212     1.827    acquisiton_thread_inst/Q[11]
    DSP48_X0Y1           DSP48E1                                      r  acquisiton_thread_inst/data0_q2_12_reg/A[11]
  -------------------------------------------------------------------    -------------------

                         (clock sys_clk_pin rise edge)
                                                      0.000     0.000 r  
    W5                                                0.000     0.000 r  clk (IN)
                         net (fo=0)                   0.000     0.000    clk
    W5                   IBUF (Prop_ibuf_I_O)         0.414     0.414 r  clk_IBUF_inst/O
                         net (fo=1, routed)           0.685     1.099    clk_IBUF
    BUFGCTRL_X0Y0        BUFG (Prop_bufg_I_O)         0.029     1.128 r  clk_IBUF_BUFG_inst/O
                         net (fo=377, routed)         0.925     2.053    acquisiton_thread_inst/clk_IBUF_BUFG
    DSP48_X0Y1           DSP48E1                                      r  acquisiton_thread_inst/data0_q2_12_reg/CLK
                         clock pessimism             -0.478     1.575    
    DSP48_X0Y1           DSP48E1 (Hold_dsp48e1_CLK_A[11])
                                                      0.066     1.641    acquisiton_thread_inst/data0_q2_12_reg
  -------------------------------------------------------------------
                         required time                         -1.641    
                         arrival time                           1.827    
  -------------------------------------------------------------------
                         slack                                  0.186    

Slack (MET) :             0.187ns  (arrival time - required time)
  Source:                 visualization_thread_inst/metrics_ready_reg_reg/C
                            (rising edge-triggered cell FDRE clocked by sys_clk_pin  {rise@0.000ns fall@5.000ns period=10.000ns})
  Destination:            visualization_thread_inst/fsm_display/FSM_sequential_current_state_reg/D
                            (rising edge-triggered cell FDRE clocked by sys_clk_pin  {rise@0.000ns fall@5.000ns period=10.000ns})
  Path Group:             sys_clk_pin
  Path Type:              Hold (Min at Fast Process Corner)
  Requirement:            0.000ns  (sys_clk_pin rise@0.000ns - sys_clk_pin rise@0.000ns)
  Data Path Delay:        0.291ns  (logic 0.209ns (71.796%)  route 0.082ns (28.204%))
  Logic Levels:           1  (LUT6=1)
  Clock Path Skew:        0.013ns (DCD - SCD - CPR)
    Destination Clock Delay (DCD):    1.962ns
    Source Clock Delay      (SCD):    1.448ns
    Clock Pessimism Removal (CPR):    0.501ns

    Location             Delay type                Incr(ns)  Path(ns)    Netlist Resource(s)
  -------------------------------------------------------------------    -------------------
                         (clock sys_clk_pin rise edge)
                                                      0.000     0.000 r  
    W5                                                0.000     0.000 r  clk (IN)
                         net (fo=0)                   0.000     0.000    clk
    W5                   IBUF (Prop_ibuf_I_O)         0.226     0.226 r  clk_IBUF_inst/O
                         net (fo=1, routed)           0.631     0.858    clk_IBUF
    BUFGCTRL_X0Y0        BUFG (Prop_bufg_I_O)         0.026     0.884 r  clk_IBUF_BUFG_inst/O
                         net (fo=377, routed)         0.565     1.448    visualization_thread_inst/clk_IBUF_BUFG
    SLICE_X8Y7           FDRE                                         r  visualization_thread_inst/metrics_ready_reg_reg/C
  -------------------------------------------------------------------    -------------------
    SLICE_X8Y7           FDRE (Prop_fdre_C_Q)         0.164     1.612 f  visualization_thread_inst/metrics_ready_reg_reg/Q
                         net (fo=1, routed)           0.082     1.694    visualization_thread_inst/fsm_display/metrics_ready_reg
    SLICE_X9Y7           LUT6 (Prop_lut6_I1_O)        0.045     1.739 r  visualization_thread_inst/fsm_display/FSM_sequential_current_state_i_1/O
                         net (fo=1, routed)           0.000     1.739    visualization_thread_inst/fsm_display/FSM_sequential_current_state_i_1_n_0
    SLICE_X9Y7           FDRE                                         r  visualization_thread_inst/fsm_display/FSM_sequential_current_state_reg/D
  -------------------------------------------------------------------    -------------------

                         (clock sys_clk_pin rise edge)
                                                      0.000     0.000 r  
    W5                                                0.000     0.000 r  clk (IN)
                         net (fo=0)                   0.000     0.000    clk
    W5                   IBUF (Prop_ibuf_I_O)         0.414     0.414 r  clk_IBUF_inst/O
                         net (fo=1, routed)           0.685     1.099    clk_IBUF
    BUFGCTRL_X0Y0        BUFG (Prop_bufg_I_O)         0.029     1.128 r  clk_IBUF_BUFG_inst/O
                         net (fo=377, routed)         0.835     1.962    visualization_thread_inst/fsm_display/clk_IBUF_BUFG
    SLICE_X9Y7           FDRE                                         r  visualization_thread_inst/fsm_display/FSM_sequential_current_state_reg/C
                         clock pessimism             -0.501     1.461    
    SLICE_X9Y7           FDRE (Hold_fdre_C_D)         0.091     1.552    visualization_thread_inst/fsm_display/FSM_sequential_current_state_reg
  -------------------------------------------------------------------
                         required time                         -1.552    
                         arrival time                           1.739    
  -------------------------------------------------------------------
                         slack                                  0.187    

Slack (MET) :             0.194ns  (arrival time - required time)
  Source:                 acquisiton_thread_inst/fsm_samples/current_state_reg[0]/C
                            (rising edge-triggered cell FDRE clocked by sys_clk_pin  {rise@0.000ns fall@5.000ns period=10.000ns})
  Destination:            acquisiton_thread_inst/fsm_samples/current_state_reg[3]/D
                            (rising edge-triggered cell FDRE clocked by sys_clk_pin  {rise@0.000ns fall@5.000ns period=10.000ns})
  Path Group:             sys_clk_pin
  Path Type:              Hold (Min at Fast Process Corner)
  Requirement:            0.000ns  (sys_clk_pin rise@0.000ns - sys_clk_pin rise@0.000ns)
  Data Path Delay:        0.338ns  (logic 0.189ns (55.969%)  route 0.149ns (44.031%))
  Logic Levels:           1  (LUT5=1)
  Clock Path Skew:        0.013ns (DCD - SCD - CPR)
    Destination Clock Delay (DCD):    1.991ns
    Source Clock Delay      (SCD):    1.476ns
    Clock Pessimism Removal (CPR):    0.502ns

    Location             Delay type                Incr(ns)  Path(ns)    Netlist Resource(s)
  -------------------------------------------------------------------    -------------------
                         (clock sys_clk_pin rise edge)
                                                      0.000     0.000 r  
    W5                                                0.000     0.000 r  clk (IN)
                         net (fo=0)                   0.000     0.000    clk
    W5                   IBUF (Prop_ibuf_I_O)         0.226     0.226 r  clk_IBUF_inst/O
                         net (fo=1, routed)           0.631     0.858    clk_IBUF
    BUFGCTRL_X0Y0        BUFG (Prop_bufg_I_O)         0.026     0.884 r  clk_IBUF_BUFG_inst/O
                         net (fo=377, routed)         0.593     1.476    acquisiton_thread_inst/fsm_samples/clk_IBUF_BUFG
    SLICE_X7Y6           FDRE                                         r  acquisiton_thread_inst/fsm_samples/current_state_reg[0]/C
  -------------------------------------------------------------------    -------------------
    SLICE_X7Y6           FDRE (Prop_fdre_C_Q)         0.141     1.617 r  acquisiton_thread_inst/fsm_samples/current_state_reg[0]/Q
                         net (fo=10, routed)          0.149     1.766    acquisiton_thread_inst/fsm_samples/current_state__0[0]
    SLICE_X6Y6           LUT5 (Prop_lut5_I2_O)        0.048     1.814 r  acquisiton_thread_inst/fsm_samples/current_state[3]_i_1__0/O
                         net (fo=1, routed)           0.000     1.814    acquisiton_thread_inst/fsm_samples/current_state[3]_i_1__0_n_0
    SLICE_X6Y6           FDRE                                         r  acquisiton_thread_inst/fsm_samples/current_state_reg[3]/D
  -------------------------------------------------------------------    -------------------

                         (clock sys_clk_pin rise edge)
                                                      0.000     0.000 r  
    W5                                                0.000     0.000 r  clk (IN)
                         net (fo=0)                   0.000     0.000    clk
    W5                   IBUF (Prop_ibuf_I_O)         0.414     0.414 r  clk_IBUF_inst/O
                         net (fo=1, routed)           0.685     1.099    clk_IBUF
    BUFGCTRL_X0Y0        BUFG (Prop_bufg_I_O)         0.029     1.128 r  clk_IBUF_BUFG_inst/O
                         net (fo=377, routed)         0.864     1.991    acquisiton_thread_inst/fsm_samples/clk_IBUF_BUFG
    SLICE_X6Y6           FDRE                                         r  acquisiton_thread_inst/fsm_samples/current_state_reg[3]/C
                         clock pessimism             -0.502     1.489    
    SLICE_X6Y6           FDRE (Hold_fdre_C_D)         0.131     1.620    acquisiton_thread_inst/fsm_samples/current_state_reg[3]
  -------------------------------------------------------------------
                         required time                         -1.620    
                         arrival time                           1.814    
  -------------------------------------------------------------------
                         slack                                  0.194    





Pulse Width Checks
--------------------------------------------------------------------------------------
Clock Name:         sys_clk_pin
Waveform(ns):       { 0.000 5.000 }
Period(ns):         10.000
Sources:            { clk }

Check Type        Corner  Lib Pin             Reference Pin  Required(ns)  Actual(ns)  Slack(ns)  Location       Pin
Min Period        n/a     DSP48E1/CLK         n/a            3.884         10.000      6.116      DSP48_X0Y1     acquisiton_thread_inst/data0_q2_12_reg/CLK
Min Period        n/a     DSP48E1/CLK         n/a            3.884         10.000      6.116      DSP48_X0Y8     processing_thread_inst/rms_inst/div_upper/CLK
Min Period        n/a     DSP48E1/CLK         n/a            3.884         10.000      6.116      DSP48_X0Y5     processing_thread_inst/rms_inst/nr_sqrtx0/CLK
Min Period        n/a     DSP48E1/CLK         n/a            3.884         10.000      6.116      DSP48_X1Y5     processing_thread_inst/rms_inst/nr_xk2x0/CLK
Min Period        n/a     RAMB18E1/CLKARDCLK  n/a            2.576         10.000      7.424      RAMB18_X0Y2    acquisiton_thread_inst/lut_test/data_out_reg/CLKARDCLK
Min Period        n/a     RAMB36E1/CLKARDCLK  n/a            2.576         10.000      7.424      RAMB36_X0Y4    processing_thread_inst/n_samples_reg_reg/CLKARDCLK
Min Period        n/a     BUFG/I              n/a            2.155         10.000      7.845      BUFGCTRL_X0Y0  clk_IBUF_BUFG_inst/I
Min Period        n/a     DSP48E1/CLK         n/a            2.154         10.000      7.846      DSP48_X0Y9     processing_thread_inst/rms_inst/div_x20/CLK
Min Period        n/a     DSP48E1/CLK         n/a            2.154         10.000      7.846      DSP48_X0Y3     processing_thread_inst/rms_inst/x20/CLK
Min Period        n/a     DSP48E1/CLK         n/a            2.154         10.000      7.846      DSP48_X0Y2     visualization_thread_inst/metric_scaled_reg_reg/CLK
Low Pulse Width   Slow    FDRE/C              n/a            0.500         5.000       4.500      SLICE_X8Y5     acquisiton_thread_inst/ad1_driver_ready_reg_reg/C
Low Pulse Width   Fast    FDRE/C              n/a            0.500         5.000       4.500      SLICE_X8Y5     acquisiton_thread_inst/ad1_driver_ready_reg_reg/C
Low Pulse Width   Slow    FDRE/C              n/a            0.500         5.000       4.500      SLICE_X5Y8     acquisiton_thread_inst/m_samples_reg[0]/C
Low Pulse Width   Fast    FDRE/C              n/a            0.500         5.000       4.500      SLICE_X5Y8     acquisiton_thread_inst/m_samples_reg[0]/C
Low Pulse Width   Slow    FDRE/C              n/a            0.500         5.000       4.500      SLICE_X5Y10    acquisiton_thread_inst/m_samples_reg[10]/C
Low Pulse Width   Fast    FDRE/C              n/a            0.500         5.000       4.500      SLICE_X5Y10    acquisiton_thread_inst/m_samples_reg[10]/C
Low Pulse Width   Slow    FDRE/C              n/a            0.500         5.000       4.500      SLICE_X5Y8     acquisiton_thread_inst/m_samples_reg[1]/C
Low Pulse Width   Fast    FDRE/C              n/a            0.500         5.000       4.500      SLICE_X5Y8     acquisiton_thread_inst/m_samples_reg[1]/C
Low Pulse Width   Slow    FDRE/C              n/a            0.500         5.000       4.500      SLICE_X5Y8     acquisiton_thread_inst/m_samples_reg[2]/C
Low Pulse Width   Fast    FDRE/C              n/a            0.500         5.000       4.500      SLICE_X5Y8     acquisiton_thread_inst/m_samples_reg[2]/C
High Pulse Width  Slow    FDRE/C              n/a            0.500         5.000       4.500      SLICE_X8Y5     acquisiton_thread_inst/ad1_driver_ready_reg_reg/C
High Pulse Width  Fast    FDRE/C              n/a            0.500         5.000       4.500      SLICE_X8Y5     acquisiton_thread_inst/ad1_driver_ready_reg_reg/C
High Pulse Width  Slow    FDRE/C              n/a            0.500         5.000       4.500      SLICE_X5Y8     acquisiton_thread_inst/m_samples_reg[0]/C
High Pulse Width  Fast    FDRE/C              n/a            0.500         5.000       4.500      SLICE_X5Y8     acquisiton_thread_inst/m_samples_reg[0]/C
High Pulse Width  Slow    FDRE/C              n/a            0.500         5.000       4.500      SLICE_X5Y10    acquisiton_thread_inst/m_samples_reg[10]/C
High Pulse Width  Fast    FDRE/C              n/a            0.500         5.000       4.500      SLICE_X5Y10    acquisiton_thread_inst/m_samples_reg[10]/C
High Pulse Width  Slow    FDRE/C              n/a            0.500         5.000       4.500      SLICE_X5Y8     acquisiton_thread_inst/m_samples_reg[1]/C
High Pulse Width  Fast    FDRE/C              n/a            0.500         5.000       4.500      SLICE_X5Y8     acquisiton_thread_inst/m_samples_reg[1]/C
High Pulse Width  Slow    FDRE/C              n/a            0.500         5.000       4.500      SLICE_X5Y8     acquisiton_thread_inst/m_samples_reg[2]/C
High Pulse Width  Fast    FDRE/C              n/a            0.500         5.000       4.500      SLICE_X5Y8     acquisiton_thread_inst/m_samples_reg[2]/C



--------------------------------------------------------------------------------------
Path Group:  (none)
From Clock:  sys_clk_pin
  To Clock:  

Max Delay            14 Endpoints
Min Delay            14 Endpoints
--------------------------------------------------------------------------------------


Max Delay Paths
--------------------------------------------------------------------------------------
Slack:                    inf
  Source:                 visualization_thread_inst/bin27seg/disp_driver/displayCnt_reg[1]/C
                            (rising edge-triggered cell FDRE clocked by sys_clk_pin  {rise@0.000ns fall@5.000ns period=10.000ns})
  Destination:            an[1]
                            (output port)
  Path Group:             (none)
  Path Type:              Max at Slow Process Corner
  Data Path Delay:        9.453ns  (logic 4.445ns (47.024%)  route 5.008ns (52.976%))
  Logic Levels:           2  (LUT2=1 OBUF=1)
  Clock Uncertainty:      0.025ns  ((TSJ^2 + TIJ^2)^1/2 + DJ) / 2 + PE
    Total System Jitter     (TSJ):    0.050ns
    Total Input Jitter      (TIJ):    0.000ns
    Discrete Jitter          (DJ):    0.000ns
    Phase Error              (PE):    0.000ns

    Location             Delay type                Incr(ns)  Path(ns)    Netlist Resource(s)
  -------------------------------------------------------------------    -------------------
                         (clock sys_clk_pin rise edge)
                                                      0.000     0.000 r  
    W5                                                0.000     0.000 r  clk (IN)
                         net (fo=0)                   0.000     0.000    clk
    W5                   IBUF (Prop_ibuf_I_O)         1.458     1.458 r  clk_IBUF_inst/O
                         net (fo=1, routed)           1.967     3.425    clk_IBUF
    BUFGCTRL_X0Y0        BUFG (Prop_bufg_I_O)         0.096     3.521 r  clk_IBUF_BUFG_inst/O
                         net (fo=377, routed)         1.634     5.155    visualization_thread_inst/bin27seg/disp_driver/clk_IBUF_BUFG
    SLICE_X3Y12          FDRE                                         r  visualization_thread_inst/bin27seg/disp_driver/displayCnt_reg[1]/C
  -------------------------------------------------------------------    -------------------
    SLICE_X3Y12          FDRE (Prop_fdre_C_Q)         0.419     5.574 r  visualization_thread_inst/bin27seg/disp_driver/displayCnt_reg[1]/Q
                         net (fo=13, routed)          1.689     7.263    visualization_thread_inst/bin27seg/disp_driver/displayCnt[1]
    SLICE_X11Y27         LUT2 (Prop_lut2_I0_O)        0.325     7.588 r  visualization_thread_inst/bin27seg/disp_driver/an_OBUF[1]_inst_i_1/O
                         net (fo=1, routed)           3.319    10.907    an_OBUF[1]
    U4                   OBUF (Prop_obuf_I_O)         3.701    14.608 r  an_OBUF[1]_inst/O
                         net (fo=0)                   0.000    14.608    an[1]
    U4                                                                r  an[1] (OUT)
  -------------------------------------------------------------------    -------------------

Slack:                    inf
  Source:                 visualization_thread_inst/bin27seg/disp_driver/displayCnt_reg[1]/C
                            (rising edge-triggered cell FDRE clocked by sys_clk_pin  {rise@0.000ns fall@5.000ns period=10.000ns})
  Destination:            an[3]
                            (output port)
  Path Group:             (none)
  Path Type:              Max at Slow Process Corner
  Data Path Delay:        9.182ns  (logic 4.464ns (48.622%)  route 4.717ns (51.378%))
  Logic Levels:           2  (LUT2=1 OBUF=1)
  Clock Uncertainty:      0.025ns  ((TSJ^2 + TIJ^2)^1/2 + DJ) / 2 + PE
    Total System Jitter     (TSJ):    0.050ns
    Total Input Jitter      (TIJ):    0.000ns
    Discrete Jitter          (DJ):    0.000ns
    Phase Error              (PE):    0.000ns

    Location             Delay type                Incr(ns)  Path(ns)    Netlist Resource(s)
  -------------------------------------------------------------------    -------------------
                         (clock sys_clk_pin rise edge)
                                                      0.000     0.000 r  
    W5                                                0.000     0.000 r  clk (IN)
                         net (fo=0)                   0.000     0.000    clk
    W5                   IBUF (Prop_ibuf_I_O)         1.458     1.458 r  clk_IBUF_inst/O
                         net (fo=1, routed)           1.967     3.425    clk_IBUF
    BUFGCTRL_X0Y0        BUFG (Prop_bufg_I_O)         0.096     3.521 r  clk_IBUF_BUFG_inst/O
                         net (fo=377, routed)         1.634     5.155    visualization_thread_inst/bin27seg/disp_driver/clk_IBUF_BUFG
    SLICE_X3Y12          FDRE                                         r  visualization_thread_inst/bin27seg/disp_driver/displayCnt_reg[1]/C
  -------------------------------------------------------------------    -------------------
    SLICE_X3Y12          FDRE (Prop_fdre_C_Q)         0.419     5.574 f  visualization_thread_inst/bin27seg/disp_driver/displayCnt_reg[1]/Q
                         net (fo=13, routed)          1.261     6.836    visualization_thread_inst/bin27seg/disp_driver/displayCnt[1]
    SLICE_X11Y11         LUT2 (Prop_lut2_I1_O)        0.327     7.163 r  visualization_thread_inst/bin27seg/disp_driver/an_OBUF[3]_inst_i_1/O
                         net (fo=1, routed)           3.456    10.619    an_OBUF[3]
    W4                   OBUF (Prop_obuf_I_O)         3.718    14.337 r  an_OBUF[3]_inst/O
                         net (fo=0)                   0.000    14.337    an[3]
    W4                                                                r  an[3] (OUT)
  -------------------------------------------------------------------    -------------------

Slack:                    inf
  Source:                 visualization_thread_inst/bin27seg/disp_driver/displayCnt_reg[1]/C
                            (rising edge-triggered cell FDRE clocked by sys_clk_pin  {rise@0.000ns fall@5.000ns period=10.000ns})
  Destination:            an[2]
                            (output port)
  Path Group:             (none)
  Path Type:              Max at Slow Process Corner
  Data Path Delay:        9.087ns  (logic 4.241ns (46.669%)  route 4.846ns (53.331%))
  Logic Levels:           2  (LUT2=1 OBUF=1)
  Clock Uncertainty:      0.025ns  ((TSJ^2 + TIJ^2)^1/2 + DJ) / 2 + PE
    Total System Jitter     (TSJ):    0.050ns
    Total Input Jitter      (TIJ):    0.000ns
    Discrete Jitter          (DJ):    0.000ns
    Phase Error              (PE):    0.000ns

    Location             Delay type                Incr(ns)  Path(ns)    Netlist Resource(s)
  -------------------------------------------------------------------    -------------------
                         (clock sys_clk_pin rise edge)
                                                      0.000     0.000 r  
    W5                                                0.000     0.000 r  clk (IN)
                         net (fo=0)                   0.000     0.000    clk
    W5                   IBUF (Prop_ibuf_I_O)         1.458     1.458 r  clk_IBUF_inst/O
                         net (fo=1, routed)           1.967     3.425    clk_IBUF
    BUFGCTRL_X0Y0        BUFG (Prop_bufg_I_O)         0.096     3.521 r  clk_IBUF_BUFG_inst/O
                         net (fo=377, routed)         1.634     5.155    visualization_thread_inst/bin27seg/disp_driver/clk_IBUF_BUFG
    SLICE_X3Y12          FDRE                                         r  visualization_thread_inst/bin27seg/disp_driver/displayCnt_reg[1]/C
  -------------------------------------------------------------------    -------------------
    SLICE_X3Y12          FDRE (Prop_fdre_C_Q)         0.419     5.574 f  visualization_thread_inst/bin27seg/disp_driver/displayCnt_reg[1]/Q
                         net (fo=13, routed)          1.689     7.263    visualization_thread_inst/bin27seg/disp_driver/displayCnt[1]
    SLICE_X11Y27         LUT2 (Prop_lut2_I1_O)        0.299     7.562 r  visualization_thread_inst/bin27seg/disp_driver/an_OBUF[2]_inst_i_1/O
                         net (fo=1, routed)           3.158    10.720    an_OBUF[2]
    V4                   OBUF (Prop_obuf_I_O)         3.523    14.243 r  an_OBUF[2]_inst/O
                         net (fo=0)                   0.000    14.243    an[2]
    V4                                                                r  an[2] (OUT)
  -------------------------------------------------------------------    -------------------

Slack:                    inf
  Source:                 visualization_thread_inst/bin27seg/disp_driver/displayCnt_reg[0]/C
                            (rising edge-triggered cell FDRE clocked by sys_clk_pin  {rise@0.000ns fall@5.000ns period=10.000ns})
  Destination:            an[0]
                            (output port)
  Path Group:             (none)
  Path Type:              Max at Slow Process Corner
  Data Path Delay:        8.995ns  (logic 4.083ns (45.392%)  route 4.912ns (54.608%))
  Logic Levels:           2  (LUT2=1 OBUF=1)
  Clock Uncertainty:      0.025ns  ((TSJ^2 + TIJ^2)^1/2 + DJ) / 2 + PE
    Total System Jitter     (TSJ):    0.050ns
    Total Input Jitter      (TIJ):    0.000ns
    Discrete Jitter          (DJ):    0.000ns
    Phase Error              (PE):    0.000ns

    Location             Delay type                Incr(ns)  Path(ns)    Netlist Resource(s)
  -------------------------------------------------------------------    -------------------
                         (clock sys_clk_pin rise edge)
                                                      0.000     0.000 r  
    W5                                                0.000     0.000 r  clk (IN)
                         net (fo=0)                   0.000     0.000    clk
    W5                   IBUF (Prop_ibuf_I_O)         1.458     1.458 r  clk_IBUF_inst/O
                         net (fo=1, routed)           1.967     3.425    clk_IBUF
    BUFGCTRL_X0Y0        BUFG (Prop_bufg_I_O)         0.096     3.521 r  clk_IBUF_BUFG_inst/O
                         net (fo=377, routed)         1.634     5.155    visualization_thread_inst/bin27seg/disp_driver/clk_IBUF_BUFG
    SLICE_X3Y12          FDRE                                         r  visualization_thread_inst/bin27seg/disp_driver/displayCnt_reg[0]/C
  -------------------------------------------------------------------    -------------------
    SLICE_X3Y12          FDRE (Prop_fdre_C_Q)         0.456     5.611 r  visualization_thread_inst/bin27seg/disp_driver/displayCnt_reg[0]/Q
                         net (fo=14, routed)          1.549     7.160    visualization_thread_inst/bin27seg/disp_driver/displayCnt[0]
    SLICE_X11Y27         LUT2 (Prop_lut2_I0_O)        0.124     7.284 r  visualization_thread_inst/bin27seg/disp_driver/an_OBUF[0]_inst_i_1/O
                         net (fo=1, routed)           3.363    10.647    an_OBUF[0]
    U2                   OBUF (Prop_obuf_I_O)         3.503    14.150 r  an_OBUF[0]_inst/O
                         net (fo=0)                   0.000    14.150    an[0]
    U2                                                                r  an[0] (OUT)
  -------------------------------------------------------------------    -------------------

Slack:                    inf
  Source:                 visualization_thread_inst/bin27seg/disp_driver/displayCnt_reg[0]/C
                            (rising edge-triggered cell FDRE clocked by sys_clk_pin  {rise@0.000ns fall@5.000ns period=10.000ns})
  Destination:            seg[5]
                            (output port)
  Path Group:             (none)
  Path Type:              Max at Slow Process Corner
  Data Path Delay:        8.994ns  (logic 4.084ns (45.412%)  route 4.910ns (54.588%))
  Logic Levels:           2  (LUT6=1 OBUF=1)
  Clock Uncertainty:      0.025ns  ((TSJ^2 + TIJ^2)^1/2 + DJ) / 2 + PE
    Total System Jitter     (TSJ):    0.050ns
    Total Input Jitter      (TIJ):    0.000ns
    Discrete Jitter          (DJ):    0.000ns
    Phase Error              (PE):    0.000ns

    Location             Delay type                Incr(ns)  Path(ns)    Netlist Resource(s)
  -------------------------------------------------------------------    -------------------
                         (clock sys_clk_pin rise edge)
                                                      0.000     0.000 r  
    W5                                                0.000     0.000 r  clk (IN)
                         net (fo=0)                   0.000     0.000    clk
    W5                   IBUF (Prop_ibuf_I_O)         1.458     1.458 r  clk_IBUF_inst/O
                         net (fo=1, routed)           1.967     3.425    clk_IBUF
    BUFGCTRL_X0Y0        BUFG (Prop_bufg_I_O)         0.096     3.521 r  clk_IBUF_BUFG_inst/O
                         net (fo=377, routed)         1.634     5.155    visualization_thread_inst/bin27seg/disp_driver/clk_IBUF_BUFG
    SLICE_X3Y12          FDRE                                         r  visualization_thread_inst/bin27seg/disp_driver/displayCnt_reg[0]/C
  -------------------------------------------------------------------    -------------------
    SLICE_X3Y12          FDRE (Prop_fdre_C_Q)         0.456     5.611 r  visualization_thread_inst/bin27seg/disp_driver/displayCnt_reg[0]/Q
                         net (fo=14, routed)          1.319     6.930    visualization_thread_inst/bin27seg/disp_driver/displayCnt[0]
    SLICE_X3Y15          LUT6 (Prop_lut6_I4_O)        0.124     7.054 r  visualization_thread_inst/bin27seg/disp_driver/seg_OBUF[5]_inst_i_1/O
                         net (fo=1, routed)           3.591    10.645    seg_OBUF[5]
    V5                   OBUF (Prop_obuf_I_O)         3.504    14.149 r  seg_OBUF[5]_inst/O
                         net (fo=0)                   0.000    14.149    seg[5]
    V5                                                                r  seg[5] (OUT)
  -------------------------------------------------------------------    -------------------

Slack:                    inf
  Source:                 visualization_thread_inst/bin27seg/disp_driver/displayCnt_reg[0]/C
                            (rising edge-triggered cell FDRE clocked by sys_clk_pin  {rise@0.000ns fall@5.000ns period=10.000ns})
  Destination:            seg[2]
                            (output port)
  Path Group:             (none)
  Path Type:              Max at Slow Process Corner
  Data Path Delay:        8.941ns  (logic 4.115ns (46.026%)  route 4.826ns (53.974%))
  Logic Levels:           2  (LUT6=1 OBUF=1)
  Clock Uncertainty:      0.025ns  ((TSJ^2 + TIJ^2)^1/2 + DJ) / 2 + PE
    Total System Jitter     (TSJ):    0.050ns
    Total Input Jitter      (TIJ):    0.000ns
    Discrete Jitter          (DJ):    0.000ns
    Phase Error              (PE):    0.000ns

    Location             Delay type                Incr(ns)  Path(ns)    Netlist Resource(s)
  -------------------------------------------------------------------    -------------------
                         (clock sys_clk_pin rise edge)
                                                      0.000     0.000 r  
    W5                                                0.000     0.000 r  clk (IN)
                         net (fo=0)                   0.000     0.000    clk
    W5                   IBUF (Prop_ibuf_I_O)         1.458     1.458 r  clk_IBUF_inst/O
                         net (fo=1, routed)           1.967     3.425    clk_IBUF
    BUFGCTRL_X0Y0        BUFG (Prop_bufg_I_O)         0.096     3.521 r  clk_IBUF_BUFG_inst/O
                         net (fo=377, routed)         1.634     5.155    visualization_thread_inst/bin27seg/disp_driver/clk_IBUF_BUFG
    SLICE_X3Y12          FDRE                                         r  visualization_thread_inst/bin27seg/disp_driver/displayCnt_reg[0]/C
  -------------------------------------------------------------------    -------------------
    SLICE_X3Y12          FDRE (Prop_fdre_C_Q)         0.456     5.611 r  visualization_thread_inst/bin27seg/disp_driver/displayCnt_reg[0]/Q
                         net (fo=14, routed)          1.017     6.628    visualization_thread_inst/bin27seg/disp_driver/displayCnt[0]
    SLICE_X2Y14          LUT6 (Prop_lut6_I4_O)        0.124     6.752 r  visualization_thread_inst/bin27seg/disp_driver/seg_OBUF[2]_inst_i_1/O
                         net (fo=1, routed)           3.809    10.561    seg_OBUF[2]
    U8                   OBUF (Prop_obuf_I_O)         3.535    14.096 r  seg_OBUF[2]_inst/O
                         net (fo=0)                   0.000    14.096    seg[2]
    U8                                                                r  seg[2] (OUT)
  -------------------------------------------------------------------    -------------------

Slack:                    inf
  Source:                 visualization_thread_inst/bin27seg/disp_driver/displayCnt_reg[1]/C
                            (rising edge-triggered cell FDRE clocked by sys_clk_pin  {rise@0.000ns fall@5.000ns period=10.000ns})
  Destination:            seg[0]
                            (output port)
  Path Group:             (none)
  Path Type:              Max at Slow Process Corner
  Data Path Delay:        8.858ns  (logic 4.229ns (47.738%)  route 4.630ns (52.262%))
  Logic Levels:           2  (LUT6=1 OBUF=1)
  Clock Uncertainty:      0.025ns  ((TSJ^2 + TIJ^2)^1/2 + DJ) / 2 + PE
    Total System Jitter     (TSJ):    0.050ns
    Total Input Jitter      (TIJ):    0.000ns
    Discrete Jitter          (DJ):    0.000ns
    Phase Error              (PE):    0.000ns

    Location             Delay type                Incr(ns)  Path(ns)    Netlist Resource(s)
  -------------------------------------------------------------------    -------------------
                         (clock sys_clk_pin rise edge)
                                                      0.000     0.000 r  
    W5                                                0.000     0.000 r  clk (IN)
                         net (fo=0)                   0.000     0.000    clk
    W5                   IBUF (Prop_ibuf_I_O)         1.458     1.458 r  clk_IBUF_inst/O
                         net (fo=1, routed)           1.967     3.425    clk_IBUF
    BUFGCTRL_X0Y0        BUFG (Prop_bufg_I_O)         0.096     3.521 r  clk_IBUF_BUFG_inst/O
                         net (fo=377, routed)         1.634     5.155    visualization_thread_inst/bin27seg/disp_driver/clk_IBUF_BUFG
    SLICE_X3Y12          FDRE                                         r  visualization_thread_inst/bin27seg/disp_driver/displayCnt_reg[1]/C
  -------------------------------------------------------------------    -------------------
    SLICE_X3Y12          FDRE (Prop_fdre_C_Q)         0.419     5.574 r  visualization_thread_inst/bin27seg/disp_driver/displayCnt_reg[1]/Q
                         net (fo=13, routed)          0.798     6.373    visualization_thread_inst/bin27seg/disp_driver/displayCnt[1]
    SLICE_X3Y14          LUT6 (Prop_lut6_I3_O)        0.299     6.672 r  visualization_thread_inst/bin27seg/disp_driver/seg_OBUF[0]_inst_i_1/O
                         net (fo=1, routed)           3.831    10.503    seg_OBUF[0]
    W7                   OBUF (Prop_obuf_I_O)         3.511    14.013 r  seg_OBUF[0]_inst/O
                         net (fo=0)                   0.000    14.013    seg[0]
    W7                                                                r  seg[0] (OUT)
  -------------------------------------------------------------------    -------------------

Slack:                    inf
  Source:                 visualization_thread_inst/bin27seg/seg4/seg_reg[6]/C
                            (rising edge-triggered cell FDRE clocked by sys_clk_pin  {rise@0.000ns fall@5.000ns period=10.000ns})
  Destination:            seg[6]
                            (output port)
  Path Group:             (none)
  Path Type:              Max at Slow Process Corner
  Data Path Delay:        8.719ns  (logic 4.173ns (47.866%)  route 4.546ns (52.134%))
  Logic Levels:           2  (LUT6=1 OBUF=1)
  Clock Uncertainty:      0.025ns  ((TSJ^2 + TIJ^2)^1/2 + DJ) / 2 + PE
    Total System Jitter     (TSJ):    0.050ns
    Total Input Jitter      (TIJ):    0.000ns
    Discrete Jitter          (DJ):    0.000ns
    Phase Error              (PE):    0.000ns

    Location             Delay type                Incr(ns)  Path(ns)    Netlist Resource(s)
  -------------------------------------------------------------------    -------------------
                         (clock sys_clk_pin rise edge)
                                                      0.000     0.000 r  
    W5                                                0.000     0.000 r  clk (IN)
                         net (fo=0)                   0.000     0.000    clk
    W5                   IBUF (Prop_ibuf_I_O)         1.458     1.458 r  clk_IBUF_inst/O
                         net (fo=1, routed)           1.967     3.425    clk_IBUF
    BUFGCTRL_X0Y0        BUFG (Prop_bufg_I_O)         0.096     3.521 r  clk_IBUF_BUFG_inst/O
                         net (fo=377, routed)         1.631     5.152    visualization_thread_inst/bin27seg/seg4/clk_IBUF_BUFG
    SLICE_X2Y15          FDRE                                         r  visualization_thread_inst/bin27seg/seg4/seg_reg[6]/C
  -------------------------------------------------------------------    -------------------
    SLICE_X2Y15          FDRE (Prop_fdre_C_Q)         0.518     5.670 r  visualization_thread_inst/bin27seg/seg4/seg_reg[6]/Q
                         net (fo=1, routed)           1.081     6.751    visualization_thread_inst/bin27seg/disp_driver/seg[6][6]
    SLICE_X3Y12          LUT6 (Prop_lut6_I1_O)        0.124     6.875 r  visualization_thread_inst/bin27seg/disp_driver/seg_OBUF[6]_inst_i_1/O
                         net (fo=1, routed)           3.464    10.340    seg_OBUF[6]
    U7                   OBUF (Prop_obuf_I_O)         3.531    13.871 r  seg_OBUF[6]_inst/O
                         net (fo=0)                   0.000    13.871    seg[6]
    U7                                                                r  seg[6] (OUT)
  -------------------------------------------------------------------    -------------------

Slack:                    inf
  Source:                 visualization_thread_inst/bin27seg/seg4/seg_reg[3]/C
                            (rising edge-triggered cell FDRE clocked by sys_clk_pin  {rise@0.000ns fall@5.000ns period=10.000ns})
  Destination:            seg[3]
                            (output port)
  Path Group:             (none)
  Path Type:              Max at Slow Process Corner
  Data Path Delay:        8.420ns  (logic 4.315ns (51.243%)  route 4.105ns (48.757%))
  Logic Levels:           2  (LUT6=1 OBUF=1)
  Clock Uncertainty:      0.025ns  ((TSJ^2 + TIJ^2)^1/2 + DJ) / 2 + PE
    Total System Jitter     (TSJ):    0.050ns
    Total Input Jitter      (TIJ):    0.000ns
    Discrete Jitter          (DJ):    0.000ns
    Phase Error              (PE):    0.000ns

    Location             Delay type                Incr(ns)  Path(ns)    Netlist Resource(s)
  -------------------------------------------------------------------    -------------------
                         (clock sys_clk_pin rise edge)
                                                      0.000     0.000 r  
    W5                                                0.000     0.000 r  clk (IN)
                         net (fo=0)                   0.000     0.000    clk
    W5                   IBUF (Prop_ibuf_I_O)         1.458     1.458 r  clk_IBUF_inst/O
                         net (fo=1, routed)           1.967     3.425    clk_IBUF
    BUFGCTRL_X0Y0        BUFG (Prop_bufg_I_O)         0.096     3.521 r  clk_IBUF_BUFG_inst/O
                         net (fo=377, routed)         1.631     5.152    visualization_thread_inst/bin27seg/seg4/clk_IBUF_BUFG
    SLICE_X2Y15          FDRE                                         r  visualization_thread_inst/bin27seg/seg4/seg_reg[3]/C
  -------------------------------------------------------------------    -------------------
    SLICE_X2Y15          FDRE (Prop_fdre_C_Q)         0.478     5.630 r  visualization_thread_inst/bin27seg/seg4/seg_reg[3]/Q
                         net (fo=1, routed)           0.985     6.615    visualization_thread_inst/bin27seg/disp_driver/seg[6][3]
    SLICE_X2Y14          LUT6 (Prop_lut6_I1_O)        0.301     6.916 r  visualization_thread_inst/bin27seg/disp_driver/seg_OBUF[3]_inst_i_1/O
                         net (fo=1, routed)           3.121    10.037    seg_OBUF[3]
    V8                   OBUF (Prop_obuf_I_O)         3.536    13.572 r  seg_OBUF[3]_inst/O
                         net (fo=0)                   0.000    13.572    seg[3]
    V8                                                                r  seg[3] (OUT)
  -------------------------------------------------------------------    -------------------

Slack:                    inf
  Source:                 visualization_thread_inst/bin27seg/disp_driver/displayCnt_reg[1]/C
                            (rising edge-triggered cell FDRE clocked by sys_clk_pin  {rise@0.000ns fall@5.000ns period=10.000ns})
  Destination:            seg[1]
                            (output port)
  Path Group:             (none)
  Path Type:              Max at Slow Process Corner
  Data Path Delay:        8.399ns  (logic 4.247ns (50.567%)  route 4.152ns (49.433%))
  Logic Levels:           2  (LUT6=1 OBUF=1)
  Clock Uncertainty:      0.025ns  ((TSJ^2 + TIJ^2)^1/2 + DJ) / 2 + PE
    Total System Jitter     (TSJ):    0.050ns
    Total Input Jitter      (TIJ):    0.000ns
    Discrete Jitter          (DJ):    0.000ns
    Phase Error              (PE):    0.000ns

    Location             Delay type                Incr(ns)  Path(ns)    Netlist Resource(s)
  -------------------------------------------------------------------    -------------------
                         (clock sys_clk_pin rise edge)
                                                      0.000     0.000 r  
    W5                                                0.000     0.000 r  clk (IN)
                         net (fo=0)                   0.000     0.000    clk
    W5                   IBUF (Prop_ibuf_I_O)         1.458     1.458 r  clk_IBUF_inst/O
                         net (fo=1, routed)           1.967     3.425    clk_IBUF
    BUFGCTRL_X0Y0        BUFG (Prop_bufg_I_O)         0.096     3.521 r  clk_IBUF_BUFG_inst/O
                         net (fo=377, routed)         1.634     5.155    visualization_thread_inst/bin27seg/disp_driver/clk_IBUF_BUFG
    SLICE_X3Y12          FDRE                                         r  visualization_thread_inst/bin27seg/disp_driver/displayCnt_reg[1]/C
  -------------------------------------------------------------------    -------------------
    SLICE_X3Y12          FDRE (Prop_fdre_C_Q)         0.419     5.574 r  visualization_thread_inst/bin27seg/disp_driver/displayCnt_reg[1]/Q
                         net (fo=13, routed)          1.064     6.639    visualization_thread_inst/bin27seg/disp_driver/displayCnt[1]
    SLICE_X3Y14          LUT6 (Prop_lut6_I3_O)        0.299     6.938 r  visualization_thread_inst/bin27seg/disp_driver/seg_OBUF[1]_inst_i_1/O
                         net (fo=1, routed)           3.087    10.025    seg_OBUF[1]
    W6                   OBUF (Prop_obuf_I_O)         3.529    13.554 r  seg_OBUF[1]_inst/O
                         net (fo=0)                   0.000    13.554    seg[1]
    W6                                                                r  seg[1] (OUT)
  -------------------------------------------------------------------    -------------------





Min Delay Paths
--------------------------------------------------------------------------------------
Slack:                    inf
  Source:                 ad1_thread_inst/ad1_driver_inst/sclk_reg/C
                            (rising edge-triggered cell FDSE clocked by sys_clk_pin  {rise@0.000ns fall@5.000ns period=10.000ns})
  Destination:            sclk
                            (output port)
  Path Group:             (none)
  Path Type:              Min at Fast Process Corner
  Data Path Delay:        2.039ns  (logic 1.416ns (69.464%)  route 0.622ns (30.536%))
  Logic Levels:           1  (OBUF=1)
  Clock Uncertainty:      0.025ns  ((TSJ^2 + TIJ^2)^1/2 + DJ) / 2 + PE
    Total System Jitter     (TSJ):    0.050ns
    Total Input Jitter      (TIJ):    0.000ns
    Discrete Jitter          (DJ):    0.000ns
    Phase Error              (PE):    0.000ns

    Location             Delay type                Incr(ns)  Path(ns)    Netlist Resource(s)
  -------------------------------------------------------------------    -------------------
                         (clock sys_clk_pin rise edge)
                                                      0.000     0.000 r  
    W5                                                0.000     0.000 r  clk (IN)
                         net (fo=0)                   0.000     0.000    clk
    W5                   IBUF (Prop_ibuf_I_O)         0.226     0.226 r  clk_IBUF_inst/O
                         net (fo=1, routed)           0.631     0.858    clk_IBUF
    BUFGCTRL_X0Y0        BUFG (Prop_bufg_I_O)         0.026     0.884 r  clk_IBUF_BUFG_inst/O
                         net (fo=377, routed)         0.593     1.476    ad1_thread_inst/ad1_driver_inst/clk_IBUF_BUFG
    SLICE_X6Y4           FDSE                                         r  ad1_thread_inst/ad1_driver_inst/sclk_reg/C
  -------------------------------------------------------------------    -------------------
    SLICE_X6Y4           FDSE (Prop_fdse_C_Q)         0.148     1.624 r  ad1_thread_inst/ad1_driver_inst/sclk_reg/Q
                         net (fo=4, routed)           0.622     2.247    sclk_OBUF
    P18                  OBUF (Prop_obuf_I_O)         1.268     3.515 r  sclk_OBUF_inst/O
                         net (fo=0)                   0.000     3.515    sclk
    P18                                                               r  sclk (OUT)
  -------------------------------------------------------------------    -------------------

Slack:                    inf
  Source:                 visualization_thread_inst/dp_reg/C
                            (rising edge-triggered cell FDSE clocked by sys_clk_pin  {rise@0.000ns fall@5.000ns period=10.000ns})
  Destination:            dp
                            (output port)
  Path Group:             (none)
  Path Type:              Min at Fast Process Corner
  Data Path Delay:        2.432ns  (logic 1.340ns (55.086%)  route 1.092ns (44.914%))
  Logic Levels:           1  (OBUF=1)
  Clock Uncertainty:      0.025ns  ((TSJ^2 + TIJ^2)^1/2 + DJ) / 2 + PE
    Total System Jitter     (TSJ):    0.050ns
    Total Input Jitter      (TIJ):    0.000ns
    Discrete Jitter          (DJ):    0.000ns
    Phase Error              (PE):    0.000ns

    Location             Delay type                Incr(ns)  Path(ns)    Netlist Resource(s)
  -------------------------------------------------------------------    -------------------
                         (clock sys_clk_pin rise edge)
                                                      0.000     0.000 r  
    W5                                                0.000     0.000 r  clk (IN)
                         net (fo=0)                   0.000     0.000    clk
    W5                   IBUF (Prop_ibuf_I_O)         0.226     0.226 r  clk_IBUF_inst/O
                         net (fo=1, routed)           0.631     0.858    clk_IBUF
    BUFGCTRL_X0Y0        BUFG (Prop_bufg_I_O)         0.026     0.884 r  clk_IBUF_BUFG_inst/O
                         net (fo=377, routed)         0.564     1.447    visualization_thread_inst/clk_IBUF_BUFG
    SLICE_X11Y11         FDSE                                         r  visualization_thread_inst/dp_reg/C
  -------------------------------------------------------------------    -------------------
    SLICE_X11Y11         FDSE (Prop_fdse_C_Q)         0.141     1.588 r  visualization_thread_inst/dp_reg/Q
                         net (fo=1, routed)           1.092     2.680    dp_OBUF
    V7                   OBUF (Prop_obuf_I_O)         1.199     3.879 r  dp_OBUF_inst/O
                         net (fo=0)                   0.000     3.879    dp
    V7                                                                r  dp (OUT)
  -------------------------------------------------------------------    -------------------

Slack:                    inf
  Source:                 ad1_thread_inst/ad1_driver_inst/current_state_reg[1]/C
                            (rising edge-triggered cell FDRE clocked by sys_clk_pin  {rise@0.000ns fall@5.000ns period=10.000ns})
  Destination:            cs
                            (output port)
  Path Group:             (none)
  Path Type:              Min at Fast Process Corner
  Data Path Delay:        2.437ns  (logic 1.447ns (59.365%)  route 0.990ns (40.635%))
  Logic Levels:           2  (LUT4=1 OBUF=1)
  Clock Uncertainty:      0.025ns  ((TSJ^2 + TIJ^2)^1/2 + DJ) / 2 + PE
    Total System Jitter     (TSJ):    0.050ns
    Total Input Jitter      (TIJ):    0.000ns
    Discrete Jitter          (DJ):    0.000ns
    Phase Error              (PE):    0.000ns

    Location             Delay type                Incr(ns)  Path(ns)    Netlist Resource(s)
  -------------------------------------------------------------------    -------------------
                         (clock sys_clk_pin rise edge)
                                                      0.000     0.000 r  
    W5                                                0.000     0.000 r  clk (IN)
                         net (fo=0)                   0.000     0.000    clk
    W5                   IBUF (Prop_ibuf_I_O)         0.226     0.226 r  clk_IBUF_inst/O
                         net (fo=1, routed)           0.631     0.858    clk_IBUF
    BUFGCTRL_X0Y0        BUFG (Prop_bufg_I_O)         0.026     0.884 r  clk_IBUF_BUFG_inst/O
                         net (fo=377, routed)         0.566     1.449    ad1_thread_inst/ad1_driver_inst/clk_IBUF_BUFG
    SLICE_X8Y3           FDRE                                         r  ad1_thread_inst/ad1_driver_inst/current_state_reg[1]/C
  -------------------------------------------------------------------    -------------------
    SLICE_X8Y3           FDRE (Prop_fdre_C_Q)         0.164     1.613 r  ad1_thread_inst/ad1_driver_inst/current_state_reg[1]/Q
                         net (fo=10, routed)          0.171     1.784    ad1_thread_inst/ad1_driver_inst/current_state_reg_n_0_[1]
    SLICE_X8Y5           LUT4 (Prop_lut4_I2_O)        0.045     1.829 r  ad1_thread_inst/ad1_driver_inst/cs_OBUF_inst_i_1/O
                         net (fo=7, routed)           0.819     2.648    cs_OBUF
    K17                  OBUF (Prop_obuf_I_O)         1.238     3.886 r  cs_OBUF_inst/O
                         net (fo=0)                   0.000     3.886    cs
    K17                                                               r  cs (OUT)
  -------------------------------------------------------------------    -------------------

Slack:                    inf
  Source:                 visualization_thread_inst/bin27seg/seg1/seg_reg[4]/C
                            (rising edge-triggered cell FDRE clocked by sys_clk_pin  {rise@0.000ns fall@5.000ns period=10.000ns})
  Destination:            seg[4]
                            (output port)
  Path Group:             (none)
  Path Type:              Min at Fast Process Corner
  Data Path Delay:        2.597ns  (logic 1.407ns (54.165%)  route 1.191ns (45.835%))
  Logic Levels:           2  (LUT6=1 OBUF=1)
  Clock Uncertainty:      0.025ns  ((TSJ^2 + TIJ^2)^1/2 + DJ) / 2 + PE
    Total System Jitter     (TSJ):    0.050ns
    Total Input Jitter      (TIJ):    0.000ns
    Discrete Jitter          (DJ):    0.000ns
    Phase Error              (PE):    0.000ns

    Location             Delay type                Incr(ns)  Path(ns)    Netlist Resource(s)
  -------------------------------------------------------------------    -------------------
                         (clock sys_clk_pin rise edge)
                                                      0.000     0.000 r  
    W5                                                0.000     0.000 r  clk (IN)
                         net (fo=0)                   0.000     0.000    clk
    W5                   IBUF (Prop_ibuf_I_O)         0.226     0.226 r  clk_IBUF_inst/O
                         net (fo=1, routed)           0.631     0.858    clk_IBUF
    BUFGCTRL_X0Y0        BUFG (Prop_bufg_I_O)         0.026     0.884 r  clk_IBUF_BUFG_inst/O
                         net (fo=377, routed)         0.591     1.474    visualization_thread_inst/bin27seg/seg1/clk_IBUF_BUFG
    SLICE_X1Y14          FDRE                                         r  visualization_thread_inst/bin27seg/seg1/seg_reg[4]/C
  -------------------------------------------------------------------    -------------------
    SLICE_X1Y14          FDRE (Prop_fdre_C_Q)         0.141     1.615 r  visualization_thread_inst/bin27seg/seg1/seg_reg[4]/Q
                         net (fo=1, routed)           0.127     1.742    visualization_thread_inst/bin27seg/disp_driver/inSeg[4]
    SLICE_X3Y13          LUT6 (Prop_lut6_I2_O)        0.045     1.787 r  visualization_thread_inst/bin27seg/disp_driver/seg_OBUF[4]_inst_i_1/O
                         net (fo=1, routed)           1.063     2.851    seg_OBUF[4]
    U5                   OBUF (Prop_obuf_I_O)         1.221     4.072 r  seg_OBUF[4]_inst/O
                         net (fo=0)                   0.000     4.072    seg[4]
    U5                                                                r  seg[4] (OUT)
  -------------------------------------------------------------------    -------------------

Slack:                    inf
  Source:                 visualization_thread_inst/bin27seg/seg1/seg_reg[3]/C
                            (rising edge-triggered cell FDRE clocked by sys_clk_pin  {rise@0.000ns fall@5.000ns period=10.000ns})
  Destination:            seg[3]
                            (output port)
  Path Group:             (none)
  Path Type:              Min at Fast Process Corner
  Data Path Delay:        2.638ns  (logic 1.483ns (56.236%)  route 1.154ns (43.764%))
  Logic Levels:           2  (LUT6=1 OBUF=1)
  Clock Uncertainty:      0.025ns  ((TSJ^2 + TIJ^2)^1/2 + DJ) / 2 + PE
    Total System Jitter     (TSJ):    0.050ns
    Total Input Jitter      (TIJ):    0.000ns
    Discrete Jitter          (DJ):    0.000ns
    Phase Error              (PE):    0.000ns

    Location             Delay type                Incr(ns)  Path(ns)    Netlist Resource(s)
  -------------------------------------------------------------------    -------------------
                         (clock sys_clk_pin rise edge)
                                                      0.000     0.000 r  
    W5                                                0.000     0.000 r  clk (IN)
                         net (fo=0)                   0.000     0.000    clk
    W5                   IBUF (Prop_ibuf_I_O)         0.226     0.226 r  clk_IBUF_inst/O
                         net (fo=1, routed)           0.631     0.858    clk_IBUF
    BUFGCTRL_X0Y0        BUFG (Prop_bufg_I_O)         0.026     0.884 r  clk_IBUF_BUFG_inst/O
                         net (fo=377, routed)         0.591     1.474    visualization_thread_inst/bin27seg/seg1/clk_IBUF_BUFG
    SLICE_X2Y14          FDRE                                         r  visualization_thread_inst/bin27seg/seg1/seg_reg[3]/C
  -------------------------------------------------------------------    -------------------
    SLICE_X2Y14          FDRE (Prop_fdre_C_Q)         0.148     1.622 r  visualization_thread_inst/bin27seg/seg1/seg_reg[3]/Q
                         net (fo=1, routed)           0.084     1.706    visualization_thread_inst/bin27seg/disp_driver/inSeg[3]
    SLICE_X2Y14          LUT6 (Prop_lut6_I2_O)        0.099     1.805 r  visualization_thread_inst/bin27seg/disp_driver/seg_OBUF[3]_inst_i_1/O
                         net (fo=1, routed)           1.071     2.876    seg_OBUF[3]
    V8                   OBUF (Prop_obuf_I_O)         1.236     4.112 r  seg_OBUF[3]_inst/O
                         net (fo=0)                   0.000     4.112    seg[3]
    V8                                                                r  seg[3] (OUT)
  -------------------------------------------------------------------    -------------------

Slack:                    inf
  Source:                 visualization_thread_inst/bin27seg/seg4/seg_reg[1]/C
                            (rising edge-triggered cell FDRE clocked by sys_clk_pin  {rise@0.000ns fall@5.000ns period=10.000ns})
  Destination:            seg[1]
                            (output port)
  Path Group:             (none)
  Path Type:              Min at Fast Process Corner
  Data Path Delay:        2.706ns  (logic 1.476ns (54.544%)  route 1.230ns (45.456%))
  Logic Levels:           2  (LUT6=1 OBUF=1)
  Clock Uncertainty:      0.025ns  ((TSJ^2 + TIJ^2)^1/2 + DJ) / 2 + PE
    Total System Jitter     (TSJ):    0.050ns
    Total Input Jitter      (TIJ):    0.000ns
    Discrete Jitter          (DJ):    0.000ns
    Phase Error              (PE):    0.000ns

    Location             Delay type                Incr(ns)  Path(ns)    Netlist Resource(s)
  -------------------------------------------------------------------    -------------------
                         (clock sys_clk_pin rise edge)
                                                      0.000     0.000 r  
    W5                                                0.000     0.000 r  clk (IN)
                         net (fo=0)                   0.000     0.000    clk
    W5                   IBUF (Prop_ibuf_I_O)         0.226     0.226 r  clk_IBUF_inst/O
                         net (fo=1, routed)           0.631     0.858    clk_IBUF
    BUFGCTRL_X0Y0        BUFG (Prop_bufg_I_O)         0.026     0.884 r  clk_IBUF_BUFG_inst/O
                         net (fo=377, routed)         0.591     1.474    visualization_thread_inst/bin27seg/seg4/clk_IBUF_BUFG
    SLICE_X2Y15          FDRE                                         r  visualization_thread_inst/bin27seg/seg4/seg_reg[1]/C
  -------------------------------------------------------------------    -------------------
    SLICE_X2Y15          FDRE (Prop_fdre_C_Q)         0.148     1.622 r  visualization_thread_inst/bin27seg/seg4/seg_reg[1]/Q
                         net (fo=1, routed)           0.195     1.817    visualization_thread_inst/bin27seg/disp_driver/seg[6][1]
    SLICE_X3Y14          LUT6 (Prop_lut6_I1_O)        0.098     1.915 r  visualization_thread_inst/bin27seg/disp_driver/seg_OBUF[1]_inst_i_1/O
                         net (fo=1, routed)           1.035     2.950    seg_OBUF[1]
    W6                   OBUF (Prop_obuf_I_O)         1.230     4.180 r  seg_OBUF[1]_inst/O
                         net (fo=0)                   0.000     4.180    seg[1]
    W6                                                                r  seg[1] (OUT)
  -------------------------------------------------------------------    -------------------

Slack:                    inf
  Source:                 visualization_thread_inst/bin27seg/seg1/seg_reg[6]/C
                            (rising edge-triggered cell FDRE clocked by sys_clk_pin  {rise@0.000ns fall@5.000ns period=10.000ns})
  Destination:            seg[6]
                            (output port)
  Path Group:             (none)
  Path Type:              Min at Fast Process Corner
  Data Path Delay:        2.785ns  (logic 1.418ns (50.929%)  route 1.367ns (49.071%))
  Logic Levels:           2  (LUT6=1 OBUF=1)
  Clock Uncertainty:      0.025ns  ((TSJ^2 + TIJ^2)^1/2 + DJ) / 2 + PE
    Total System Jitter     (TSJ):    0.050ns
    Total Input Jitter      (TIJ):    0.000ns
    Discrete Jitter          (DJ):    0.000ns
    Phase Error              (PE):    0.000ns

    Location             Delay type                Incr(ns)  Path(ns)    Netlist Resource(s)
  -------------------------------------------------------------------    -------------------
                         (clock sys_clk_pin rise edge)
                                                      0.000     0.000 r  
    W5                                                0.000     0.000 r  clk (IN)
                         net (fo=0)                   0.000     0.000    clk
    W5                   IBUF (Prop_ibuf_I_O)         0.226     0.226 r  clk_IBUF_inst/O
                         net (fo=1, routed)           0.631     0.858    clk_IBUF
    BUFGCTRL_X0Y0        BUFG (Prop_bufg_I_O)         0.026     0.884 r  clk_IBUF_BUFG_inst/O
                         net (fo=377, routed)         0.592     1.475    visualization_thread_inst/bin27seg/seg1/clk_IBUF_BUFG
    SLICE_X1Y12          FDRE                                         r  visualization_thread_inst/bin27seg/seg1/seg_reg[6]/C
  -------------------------------------------------------------------    -------------------
    SLICE_X1Y12          FDRE (Prop_fdre_C_Q)         0.141     1.616 r  visualization_thread_inst/bin27seg/seg1/seg_reg[6]/Q
                         net (fo=1, routed)           0.095     1.711    visualization_thread_inst/bin27seg/disp_driver/inSeg[6]
    SLICE_X3Y12          LUT6 (Prop_lut6_I2_O)        0.045     1.756 r  visualization_thread_inst/bin27seg/disp_driver/seg_OBUF[6]_inst_i_1/O
                         net (fo=1, routed)           1.271     3.028    seg_OBUF[6]
    U7                   OBUF (Prop_obuf_I_O)         1.232     4.260 r  seg_OBUF[6]_inst/O
                         net (fo=0)                   0.000     4.260    seg[6]
    U7                                                                r  seg[6] (OUT)
  -------------------------------------------------------------------    -------------------

Slack:                    inf
  Source:                 visualization_thread_inst/bin27seg/seg1/seg_reg[5]/C
                            (rising edge-triggered cell FDRE clocked by sys_clk_pin  {rise@0.000ns fall@5.000ns period=10.000ns})
  Destination:            seg[5]
                            (output port)
  Path Group:             (none)
  Path Type:              Min at Fast Process Corner
  Data Path Delay:        2.843ns  (logic 1.433ns (50.383%)  route 1.411ns (49.617%))
  Logic Levels:           2  (LUT6=1 OBUF=1)
  Clock Uncertainty:      0.025ns  ((TSJ^2 + TIJ^2)^1/2 + DJ) / 2 + PE
    Total System Jitter     (TSJ):    0.050ns
    Total Input Jitter      (TIJ):    0.000ns
    Discrete Jitter          (DJ):    0.000ns
    Phase Error              (PE):    0.000ns

    Location             Delay type                Incr(ns)  Path(ns)    Netlist Resource(s)
  -------------------------------------------------------------------    -------------------
                         (clock sys_clk_pin rise edge)
                                                      0.000     0.000 r  
    W5                                                0.000     0.000 r  clk (IN)
                         net (fo=0)                   0.000     0.000    clk
    W5                   IBUF (Prop_ibuf_I_O)         0.226     0.226 r  clk_IBUF_inst/O
                         net (fo=1, routed)           0.631     0.858    clk_IBUF
    BUFGCTRL_X0Y0        BUFG (Prop_bufg_I_O)         0.026     0.884 r  clk_IBUF_BUFG_inst/O
                         net (fo=377, routed)         0.591     1.474    visualization_thread_inst/bin27seg/seg1/clk_IBUF_BUFG
    SLICE_X1Y14          FDRE                                         r  visualization_thread_inst/bin27seg/seg1/seg_reg[5]/C
  -------------------------------------------------------------------    -------------------
    SLICE_X1Y14          FDRE (Prop_fdre_C_Q)         0.128     1.602 r  visualization_thread_inst/bin27seg/seg1/seg_reg[5]/Q
                         net (fo=1, routed)           0.099     1.701    visualization_thread_inst/bin27seg/disp_driver/inSeg[5]
    SLICE_X3Y15          LUT6 (Prop_lut6_I2_O)        0.099     1.800 r  visualization_thread_inst/bin27seg/disp_driver/seg_OBUF[5]_inst_i_1/O
                         net (fo=1, routed)           1.312     3.112    seg_OBUF[5]
    V5                   OBUF (Prop_obuf_I_O)         1.206     4.317 r  seg_OBUF[5]_inst/O
                         net (fo=0)                   0.000     4.317    seg[5]
    V5                                                                r  seg[5] (OUT)
  -------------------------------------------------------------------    -------------------

Slack:                    inf
  Source:                 visualization_thread_inst/bin27seg/seg2/seg_reg[2]/C
                            (rising edge-triggered cell FDRE clocked by sys_clk_pin  {rise@0.000ns fall@5.000ns period=10.000ns})
  Destination:            seg[2]
                            (output port)
  Path Group:             (none)
  Path Type:              Min at Fast Process Corner
  Data Path Delay:        2.970ns  (logic 1.422ns (47.878%)  route 1.548ns (52.122%))
  Logic Levels:           2  (LUT6=1 OBUF=1)
  Clock Uncertainty:      0.025ns  ((TSJ^2 + TIJ^2)^1/2 + DJ) / 2 + PE
    Total System Jitter     (TSJ):    0.050ns
    Total Input Jitter      (TIJ):    0.000ns
    Discrete Jitter          (DJ):    0.000ns
    Phase Error              (PE):    0.000ns

    Location             Delay type                Incr(ns)  Path(ns)    Netlist Resource(s)
  -------------------------------------------------------------------    -------------------
                         (clock sys_clk_pin rise edge)
                                                      0.000     0.000 r  
    W5                                                0.000     0.000 r  clk (IN)
                         net (fo=0)                   0.000     0.000    clk
    W5                   IBUF (Prop_ibuf_I_O)         0.226     0.226 r  clk_IBUF_inst/O
                         net (fo=1, routed)           0.631     0.858    clk_IBUF
    BUFGCTRL_X0Y0        BUFG (Prop_bufg_I_O)         0.026     0.884 r  clk_IBUF_BUFG_inst/O
                         net (fo=377, routed)         0.591     1.474    visualization_thread_inst/bin27seg/seg2/clk_IBUF_BUFG
    SLICE_X3Y13          FDRE                                         r  visualization_thread_inst/bin27seg/seg2/seg_reg[2]/C
  -------------------------------------------------------------------    -------------------
    SLICE_X3Y13          FDRE (Prop_fdre_C_Q)         0.141     1.615 r  visualization_thread_inst/bin27seg/seg2/seg_reg[2]/Q
                         net (fo=1, routed)           0.110     1.725    visualization_thread_inst/bin27seg/disp_driver/inSeg[9]
    SLICE_X2Y14          LUT6 (Prop_lut6_I5_O)        0.045     1.770 r  visualization_thread_inst/bin27seg/disp_driver/seg_OBUF[2]_inst_i_1/O
                         net (fo=1, routed)           1.438     3.208    seg_OBUF[2]
    U8                   OBUF (Prop_obuf_I_O)         1.236     4.444 r  seg_OBUF[2]_inst/O
                         net (fo=0)                   0.000     4.444    seg[2]
    U8                                                                r  seg[2] (OUT)
  -------------------------------------------------------------------    -------------------

Slack:                    inf
  Source:                 visualization_thread_inst/bin27seg/seg1/seg_reg[0]/C
                            (rising edge-triggered cell FDRE clocked by sys_clk_pin  {rise@0.000ns fall@5.000ns period=10.000ns})
  Destination:            seg[0]
                            (output port)
  Path Group:             (none)
  Path Type:              Min at Fast Process Corner
  Data Path Delay:        3.028ns  (logic 1.421ns (46.919%)  route 1.607ns (53.081%))
  Logic Levels:           2  (LUT6=1 OBUF=1)
  Clock Uncertainty:      0.025ns  ((TSJ^2 + TIJ^2)^1/2 + DJ) / 2 + PE
    Total System Jitter     (TSJ):    0.050ns
    Total Input Jitter      (TIJ):    0.000ns
    Discrete Jitter          (DJ):    0.000ns
    Phase Error              (PE):    0.000ns

    Location             Delay type                Incr(ns)  Path(ns)    Netlist Resource(s)
  -------------------------------------------------------------------    -------------------
                         (clock sys_clk_pin rise edge)
                                                      0.000     0.000 r  
    W5                                                0.000     0.000 r  clk (IN)
                         net (fo=0)                   0.000     0.000    clk
    W5                   IBUF (Prop_ibuf_I_O)         0.226     0.226 r  clk_IBUF_inst/O
                         net (fo=1, routed)           0.631     0.858    clk_IBUF
    BUFGCTRL_X0Y0        BUFG (Prop_bufg_I_O)         0.026     0.884 r  clk_IBUF_BUFG_inst/O
                         net (fo=377, routed)         0.591     1.474    visualization_thread_inst/bin27seg/seg1/clk_IBUF_BUFG
    SLICE_X2Y14          FDRE                                         r  visualization_thread_inst/bin27seg/seg1/seg_reg[0]/C
  -------------------------------------------------------------------    -------------------
    SLICE_X2Y14          FDRE (Prop_fdre_C_Q)         0.164     1.638 r  visualization_thread_inst/bin27seg/seg1/seg_reg[0]/Q
                         net (fo=1, routed)           0.170     1.808    visualization_thread_inst/bin27seg/disp_driver/inSeg[0]
    SLICE_X3Y14          LUT6 (Prop_lut6_I2_O)        0.045     1.853 r  visualization_thread_inst/bin27seg/disp_driver/seg_OBUF[0]_inst_i_1/O
                         net (fo=1, routed)           1.437     3.290    seg_OBUF[0]
    W7                   OBUF (Prop_obuf_I_O)         1.212     4.502 r  seg_OBUF[0]_inst/O
                         net (fo=0)                   0.000     4.502    seg[0]
    W7                                                                r  seg[0] (OUT)
  -------------------------------------------------------------------    -------------------





--------------------------------------------------------------------------------------
Path Group:  (none)
From Clock:  
  To Clock:  sys_clk_pin

Max Delay           348 Endpoints
Min Delay           348 Endpoints
--------------------------------------------------------------------------------------


Max Delay Paths
--------------------------------------------------------------------------------------
Slack:                    inf
  Source:                 rst
                            (input port)
  Destination:            processing_thread_inst/n_samples_reg_reg/ADDRARDADDR[14]
                            (rising edge-triggered cell RAMB36E1 clocked by sys_clk_pin  {rise@0.000ns fall@5.000ns period=10.000ns})
  Path Group:             (none)
  Path Type:              Setup (Max at Slow Process Corner)
  Data Path Delay:        9.507ns  (logic 1.583ns (16.649%)  route 7.924ns (83.351%))
  Logic Levels:           2  (IBUF=1 LUT2=1)
  Clock Path Skew:        4.819ns (DCD - SCD + CPR)
    Destination Clock Delay (DCD):    4.819ns
    Source Clock Delay      (SCD):    0.000ns
    Clock Pessimism Removal (CPR):    0.000ns
  Clock Uncertainty:      0.025ns  ((TSJ^2 + TIJ^2)^1/2 + DJ) / 2 + PE
    Total System Jitter     (TSJ):    0.050ns
    Total Input Jitter      (TIJ):    0.000ns
    Discrete Jitter          (DJ):    0.000ns
    Phase Error              (PE):    0.000ns

    Location             Delay type                Incr(ns)  Path(ns)    Netlist Resource(s)
  -------------------------------------------------------------------    -------------------
    R3                                                0.000     0.000 f  rst (IN)
                         net (fo=0)                   0.000     0.000    rst
    R3                   IBUF (Prop_ibuf_I_O)         1.464     1.464 f  rst_IBUF_inst/O
                         net (fo=209, routed)         7.039     8.503    acquisiton_thread_inst/rst_IBUF
    SLICE_X7Y19          LUT2 (Prop_lut2_I1_O)        0.119     8.622 r  acquisiton_thread_inst/n_samples_reg_reg_i_2/O
                         net (fo=1, routed)           0.885     9.507    processing_thread_inst/ADDRARDADDR[9]
    RAMB36_X0Y4          RAMB36E1                                     r  processing_thread_inst/n_samples_reg_reg/ADDRARDADDR[14]
  -------------------------------------------------------------------    -------------------

                         (clock sys_clk_pin rise edge)
                                                      0.000     0.000 r  
    W5                                                0.000     0.000 r  clk (IN)
                         net (fo=0)                   0.000     0.000    clk
    W5                   IBUF (Prop_ibuf_I_O)         1.388     1.388 r  clk_IBUF_inst/O
                         net (fo=1, routed)           1.862     3.250    clk_IBUF
    BUFGCTRL_X0Y0        BUFG (Prop_bufg_I_O)         0.091     3.341 r  clk_IBUF_BUFG_inst/O
                         net (fo=377, routed)         1.478     4.819    processing_thread_inst/clk_IBUF_BUFG
    RAMB36_X0Y4          RAMB36E1                                     r  processing_thread_inst/n_samples_reg_reg/CLKARDCLK

Slack:                    inf
  Source:                 rst
                            (input port)
  Destination:            processing_thread_inst/n_samples_reg_reg/ADDRARDADDR[10]
                            (rising edge-triggered cell RAMB36E1 clocked by sys_clk_pin  {rise@0.000ns fall@5.000ns period=10.000ns})
  Path Group:             (none)
  Path Type:              Setup (Max at Slow Process Corner)
  Data Path Delay:        9.498ns  (logic 1.588ns (16.717%)  route 7.910ns (83.283%))
  Logic Levels:           2  (IBUF=1 LUT2=1)
  Clock Path Skew:        4.819ns (DCD - SCD + CPR)
    Destination Clock Delay (DCD):    4.819ns
    Source Clock Delay      (SCD):    0.000ns
    Clock Pessimism Removal (CPR):    0.000ns
  Clock Uncertainty:      0.025ns  ((TSJ^2 + TIJ^2)^1/2 + DJ) / 2 + PE
    Total System Jitter     (TSJ):    0.050ns
    Total Input Jitter      (TIJ):    0.000ns
    Discrete Jitter          (DJ):    0.000ns
    Phase Error              (PE):    0.000ns

    Location             Delay type                Incr(ns)  Path(ns)    Netlist Resource(s)
  -------------------------------------------------------------------    -------------------
    R3                                                0.000     0.000 f  rst (IN)
                         net (fo=0)                   0.000     0.000    rst
    R3                   IBUF (Prop_ibuf_I_O)         1.464     1.464 f  rst_IBUF_inst/O
                         net (fo=209, routed)         7.035     8.499    acquisiton_thread_inst/rst_IBUF
    SLICE_X7Y19          LUT2 (Prop_lut2_I1_O)        0.124     8.623 r  acquisiton_thread_inst/n_samples_reg_reg_i_6/O
                         net (fo=1, routed)           0.875     9.498    processing_thread_inst/ADDRARDADDR[5]
    RAMB36_X0Y4          RAMB36E1                                     r  processing_thread_inst/n_samples_reg_reg/ADDRARDADDR[10]
  -------------------------------------------------------------------    -------------------

                         (clock sys_clk_pin rise edge)
                                                      0.000     0.000 r  
    W5                                                0.000     0.000 r  clk (IN)
                         net (fo=0)                   0.000     0.000    clk
    W5                   IBUF (Prop_ibuf_I_O)         1.388     1.388 r  clk_IBUF_inst/O
                         net (fo=1, routed)           1.862     3.250    clk_IBUF
    BUFGCTRL_X0Y0        BUFG (Prop_bufg_I_O)         0.091     3.341 r  clk_IBUF_BUFG_inst/O
                         net (fo=377, routed)         1.478     4.819    processing_thread_inst/clk_IBUF_BUFG
    RAMB36_X0Y4          RAMB36E1                                     r  processing_thread_inst/n_samples_reg_reg/CLKARDCLK

Slack:                    inf
  Source:                 rst
                            (input port)
  Destination:            processing_thread_inst/n_samples_reg_reg/ADDRARDADDR[13]
                            (rising edge-triggered cell RAMB36E1 clocked by sys_clk_pin  {rise@0.000ns fall@5.000ns period=10.000ns})
  Path Group:             (none)
  Path Type:              Setup (Max at Slow Process Corner)
  Data Path Delay:        9.441ns  (logic 1.582ns (16.755%)  route 7.859ns (83.245%))
  Logic Levels:           2  (IBUF=1 LUT2=1)
  Clock Path Skew:        4.819ns (DCD - SCD + CPR)
    Destination Clock Delay (DCD):    4.819ns
    Source Clock Delay      (SCD):    0.000ns
    Clock Pessimism Removal (CPR):    0.000ns
  Clock Uncertainty:      0.025ns  ((TSJ^2 + TIJ^2)^1/2 + DJ) / 2 + PE
    Total System Jitter     (TSJ):    0.050ns
    Total Input Jitter      (TIJ):    0.000ns
    Discrete Jitter          (DJ):    0.000ns
    Phase Error              (PE):    0.000ns

    Location             Delay type                Incr(ns)  Path(ns)    Netlist Resource(s)
  -------------------------------------------------------------------    -------------------
    R3                                                0.000     0.000 f  rst (IN)
                         net (fo=0)                   0.000     0.000    rst
    R3                   IBUF (Prop_ibuf_I_O)         1.464     1.464 f  rst_IBUF_inst/O
                         net (fo=209, routed)         7.035     8.499    acquisiton_thread_inst/rst_IBUF
    SLICE_X7Y19          LUT2 (Prop_lut2_I1_O)        0.118     8.617 r  acquisiton_thread_inst/n_samples_reg_reg_i_3/O
                         net (fo=1, routed)           0.824     9.441    processing_thread_inst/ADDRARDADDR[8]
    RAMB36_X0Y4          RAMB36E1                                     r  processing_thread_inst/n_samples_reg_reg/ADDRARDADDR[13]
  -------------------------------------------------------------------    -------------------

                         (clock sys_clk_pin rise edge)
                                                      0.000     0.000 r  
    W5                                                0.000     0.000 r  clk (IN)
                         net (fo=0)                   0.000     0.000    clk
    W5                   IBUF (Prop_ibuf_I_O)         1.388     1.388 r  clk_IBUF_inst/O
                         net (fo=1, routed)           1.862     3.250    clk_IBUF
    BUFGCTRL_X0Y0        BUFG (Prop_bufg_I_O)         0.091     3.341 r  clk_IBUF_BUFG_inst/O
                         net (fo=377, routed)         1.478     4.819    processing_thread_inst/clk_IBUF_BUFG
    RAMB36_X0Y4          RAMB36E1                                     r  processing_thread_inst/n_samples_reg_reg/CLKARDCLK

Slack:                    inf
  Source:                 rst
                            (input port)
  Destination:            processing_thread_inst/n_samples_reg_reg/ADDRARDADDR[12]
                            (rising edge-triggered cell RAMB36E1 clocked by sys_clk_pin  {rise@0.000ns fall@5.000ns period=10.000ns})
  Path Group:             (none)
  Path Type:              Setup (Max at Slow Process Corner)
  Data Path Delay:        9.361ns  (logic 1.588ns (16.961%)  route 7.774ns (83.039%))
  Logic Levels:           2  (IBUF=1 LUT2=1)
  Clock Path Skew:        4.819ns (DCD - SCD + CPR)
    Destination Clock Delay (DCD):    4.819ns
    Source Clock Delay      (SCD):    0.000ns
    Clock Pessimism Removal (CPR):    0.000ns
  Clock Uncertainty:      0.025ns  ((TSJ^2 + TIJ^2)^1/2 + DJ) / 2 + PE
    Total System Jitter     (TSJ):    0.050ns
    Total Input Jitter      (TIJ):    0.000ns
    Discrete Jitter          (DJ):    0.000ns
    Phase Error              (PE):    0.000ns

    Location             Delay type                Incr(ns)  Path(ns)    Netlist Resource(s)
  -------------------------------------------------------------------    -------------------
    R3                                                0.000     0.000 f  rst (IN)
                         net (fo=0)                   0.000     0.000    rst
    R3                   IBUF (Prop_ibuf_I_O)         1.464     1.464 f  rst_IBUF_inst/O
                         net (fo=209, routed)         7.039     8.503    acquisiton_thread_inst/rst_IBUF
    SLICE_X7Y19          LUT2 (Prop_lut2_I1_O)        0.124     8.627 r  acquisiton_thread_inst/n_samples_reg_reg_i_4/O
                         net (fo=1, routed)           0.735     9.361    processing_thread_inst/ADDRARDADDR[7]
    RAMB36_X0Y4          RAMB36E1                                     r  processing_thread_inst/n_samples_reg_reg/ADDRARDADDR[12]
  -------------------------------------------------------------------    -------------------

                         (clock sys_clk_pin rise edge)
                                                      0.000     0.000 r  
    W5                                                0.000     0.000 r  clk (IN)
                         net (fo=0)                   0.000     0.000    clk
    W5                   IBUF (Prop_ibuf_I_O)         1.388     1.388 r  clk_IBUF_inst/O
                         net (fo=1, routed)           1.862     3.250    clk_IBUF
    BUFGCTRL_X0Y0        BUFG (Prop_bufg_I_O)         0.091     3.341 r  clk_IBUF_BUFG_inst/O
                         net (fo=377, routed)         1.478     4.819    processing_thread_inst/clk_IBUF_BUFG
    RAMB36_X0Y4          RAMB36E1                                     r  processing_thread_inst/n_samples_reg_reg/CLKARDCLK

Slack:                    inf
  Source:                 rst
                            (input port)
  Destination:            processing_thread_inst/rms_inst/div_upper/RSTA
                            (rising edge-triggered cell DSP48E1 clocked by sys_clk_pin  {rise@0.000ns fall@5.000ns period=10.000ns})
  Path Group:             (none)
  Path Type:              Setup (Max at Slow Process Corner)
  Data Path Delay:        9.094ns  (logic 1.464ns (16.096%)  route 7.630ns (83.904%))
  Logic Levels:           1  (IBUF=1)
  Clock Path Skew:        4.870ns (DCD - SCD + CPR)
    Destination Clock Delay (DCD):    4.870ns
    Source Clock Delay      (SCD):    0.000ns
    Clock Pessimism Removal (CPR):    0.000ns
  Clock Uncertainty:      0.025ns  ((TSJ^2 + TIJ^2)^1/2 + DJ) / 2 + PE
    Total System Jitter     (TSJ):    0.050ns
    Total Input Jitter      (TIJ):    0.000ns
    Discrete Jitter          (DJ):    0.000ns
    Phase Error              (PE):    0.000ns

    Location             Delay type                Incr(ns)  Path(ns)    Netlist Resource(s)
  -------------------------------------------------------------------    -------------------
    R3                                                0.000     0.000 r  rst (IN)
                         net (fo=0)                   0.000     0.000    rst
    R3                   IBUF (Prop_ibuf_I_O)         1.464     1.464 r  rst_IBUF_inst/O
                         net (fo=209, routed)         7.630     9.094    processing_thread_inst/rms_inst/rst_IBUF
    DSP48_X0Y8           DSP48E1                                      r  processing_thread_inst/rms_inst/div_upper/RSTA
  -------------------------------------------------------------------    -------------------

                         (clock sys_clk_pin rise edge)
                                                      0.000     0.000 r  
    W5                                                0.000     0.000 r  clk (IN)
                         net (fo=0)                   0.000     0.000    clk
    W5                   IBUF (Prop_ibuf_I_O)         1.388     1.388 r  clk_IBUF_inst/O
                         net (fo=1, routed)           1.862     3.250    clk_IBUF
    BUFGCTRL_X0Y0        BUFG (Prop_bufg_I_O)         0.091     3.341 r  clk_IBUF_BUFG_inst/O
                         net (fo=377, routed)         1.529     4.870    processing_thread_inst/rms_inst/clk_IBUF_BUFG
    DSP48_X0Y8           DSP48E1                                      r  processing_thread_inst/rms_inst/div_upper/CLK

Slack:                    inf
  Source:                 rst
                            (input port)
  Destination:            processing_thread_inst/rms_inst/div_x2_reg_reg[13]/R
                            (rising edge-triggered cell FDRE clocked by sys_clk_pin  {rise@0.000ns fall@5.000ns period=10.000ns})
  Path Group:             (none)
  Path Type:              Setup (Max at Slow Process Corner)
  Data Path Delay:        8.969ns  (logic 1.464ns (16.320%)  route 7.506ns (83.680%))
  Logic Levels:           1  (IBUF=1)
  Clock Path Skew:        4.781ns (DCD - SCD + CPR)
    Destination Clock Delay (DCD):    4.781ns
    Source Clock Delay      (SCD):    0.000ns
    Clock Pessimism Removal (CPR):    0.000ns
  Clock Uncertainty:      0.025ns  ((TSJ^2 + TIJ^2)^1/2 + DJ) / 2 + PE
    Total System Jitter     (TSJ):    0.050ns
    Total Input Jitter      (TIJ):    0.000ns
    Discrete Jitter          (DJ):    0.000ns
    Phase Error              (PE):    0.000ns

    Location             Delay type                Incr(ns)  Path(ns)    Netlist Resource(s)
  -------------------------------------------------------------------    -------------------
    R3                                                0.000     0.000 r  rst (IN)
                         net (fo=0)                   0.000     0.000    rst
    R3                   IBUF (Prop_ibuf_I_O)         1.464     1.464 r  rst_IBUF_inst/O
                         net (fo=209, routed)         7.506     8.969    processing_thread_inst/rms_inst/rst_IBUF
    SLICE_X10Y19         FDRE                                         r  processing_thread_inst/rms_inst/div_x2_reg_reg[13]/R
  -------------------------------------------------------------------    -------------------

                         (clock sys_clk_pin rise edge)
                                                      0.000     0.000 r  
    W5                                                0.000     0.000 r  clk (IN)
                         net (fo=0)                   0.000     0.000    clk
    W5                   IBUF (Prop_ibuf_I_O)         1.388     1.388 r  clk_IBUF_inst/O
                         net (fo=1, routed)           1.862     3.250    clk_IBUF
    BUFGCTRL_X0Y0        BUFG (Prop_bufg_I_O)         0.091     3.341 r  clk_IBUF_BUFG_inst/O
                         net (fo=377, routed)         1.440     4.781    processing_thread_inst/rms_inst/clk_IBUF_BUFG
    SLICE_X10Y19         FDRE                                         r  processing_thread_inst/rms_inst/div_x2_reg_reg[13]/C

Slack:                    inf
  Source:                 rst
                            (input port)
  Destination:            processing_thread_inst/rms_inst/div_x2_reg_reg[14]/R
                            (rising edge-triggered cell FDRE clocked by sys_clk_pin  {rise@0.000ns fall@5.000ns period=10.000ns})
  Path Group:             (none)
  Path Type:              Setup (Max at Slow Process Corner)
  Data Path Delay:        8.969ns  (logic 1.464ns (16.320%)  route 7.506ns (83.680%))
  Logic Levels:           1  (IBUF=1)
  Clock Path Skew:        4.781ns (DCD - SCD + CPR)
    Destination Clock Delay (DCD):    4.781ns
    Source Clock Delay      (SCD):    0.000ns
    Clock Pessimism Removal (CPR):    0.000ns
  Clock Uncertainty:      0.025ns  ((TSJ^2 + TIJ^2)^1/2 + DJ) / 2 + PE
    Total System Jitter     (TSJ):    0.050ns
    Total Input Jitter      (TIJ):    0.000ns
    Discrete Jitter          (DJ):    0.000ns
    Phase Error              (PE):    0.000ns

    Location             Delay type                Incr(ns)  Path(ns)    Netlist Resource(s)
  -------------------------------------------------------------------    -------------------
    R3                                                0.000     0.000 r  rst (IN)
                         net (fo=0)                   0.000     0.000    rst
    R3                   IBUF (Prop_ibuf_I_O)         1.464     1.464 r  rst_IBUF_inst/O
                         net (fo=209, routed)         7.506     8.969    processing_thread_inst/rms_inst/rst_IBUF
    SLICE_X10Y19         FDRE                                         r  processing_thread_inst/rms_inst/div_x2_reg_reg[14]/R
  -------------------------------------------------------------------    -------------------

                         (clock sys_clk_pin rise edge)
                                                      0.000     0.000 r  
    W5                                                0.000     0.000 r  clk (IN)
                         net (fo=0)                   0.000     0.000    clk
    W5                   IBUF (Prop_ibuf_I_O)         1.388     1.388 r  clk_IBUF_inst/O
                         net (fo=1, routed)           1.862     3.250    clk_IBUF
    BUFGCTRL_X0Y0        BUFG (Prop_bufg_I_O)         0.091     3.341 r  clk_IBUF_BUFG_inst/O
                         net (fo=377, routed)         1.440     4.781    processing_thread_inst/rms_inst/clk_IBUF_BUFG
    SLICE_X10Y19         FDRE                                         r  processing_thread_inst/rms_inst/div_x2_reg_reg[14]/C

Slack:                    inf
  Source:                 rst
                            (input port)
  Destination:            processing_thread_inst/rms_inst/div_x2_reg_reg[15]/R
                            (rising edge-triggered cell FDRE clocked by sys_clk_pin  {rise@0.000ns fall@5.000ns period=10.000ns})
  Path Group:             (none)
  Path Type:              Setup (Max at Slow Process Corner)
  Data Path Delay:        8.969ns  (logic 1.464ns (16.320%)  route 7.506ns (83.680%))
  Logic Levels:           1  (IBUF=1)
  Clock Path Skew:        4.781ns (DCD - SCD + CPR)
    Destination Clock Delay (DCD):    4.781ns
    Source Clock Delay      (SCD):    0.000ns
    Clock Pessimism Removal (CPR):    0.000ns
  Clock Uncertainty:      0.025ns  ((TSJ^2 + TIJ^2)^1/2 + DJ) / 2 + PE
    Total System Jitter     (TSJ):    0.050ns
    Total Input Jitter      (TIJ):    0.000ns
    Discrete Jitter          (DJ):    0.000ns
    Phase Error              (PE):    0.000ns

    Location             Delay type                Incr(ns)  Path(ns)    Netlist Resource(s)
  -------------------------------------------------------------------    -------------------
    R3                                                0.000     0.000 r  rst (IN)
                         net (fo=0)                   0.000     0.000    rst
    R3                   IBUF (Prop_ibuf_I_O)         1.464     1.464 r  rst_IBUF_inst/O
                         net (fo=209, routed)         7.506     8.969    processing_thread_inst/rms_inst/rst_IBUF
    SLICE_X10Y19         FDRE                                         r  processing_thread_inst/rms_inst/div_x2_reg_reg[15]/R
  -------------------------------------------------------------------    -------------------

                         (clock sys_clk_pin rise edge)
                                                      0.000     0.000 r  
    W5                                                0.000     0.000 r  clk (IN)
                         net (fo=0)                   0.000     0.000    clk
    W5                   IBUF (Prop_ibuf_I_O)         1.388     1.388 r  clk_IBUF_inst/O
                         net (fo=1, routed)           1.862     3.250    clk_IBUF
    BUFGCTRL_X0Y0        BUFG (Prop_bufg_I_O)         0.091     3.341 r  clk_IBUF_BUFG_inst/O
                         net (fo=377, routed)         1.440     4.781    processing_thread_inst/rms_inst/clk_IBUF_BUFG
    SLICE_X10Y19         FDRE                                         r  processing_thread_inst/rms_inst/div_x2_reg_reg[15]/C

Slack:                    inf
  Source:                 rst
                            (input port)
  Destination:            processing_thread_inst/rms_inst/div_x2_reg_reg[16]/R
                            (rising edge-triggered cell FDRE clocked by sys_clk_pin  {rise@0.000ns fall@5.000ns period=10.000ns})
  Path Group:             (none)
  Path Type:              Setup (Max at Slow Process Corner)
  Data Path Delay:        8.969ns  (logic 1.464ns (16.320%)  route 7.506ns (83.680%))
  Logic Levels:           1  (IBUF=1)
  Clock Path Skew:        4.781ns (DCD - SCD + CPR)
    Destination Clock Delay (DCD):    4.781ns
    Source Clock Delay      (SCD):    0.000ns
    Clock Pessimism Removal (CPR):    0.000ns
  Clock Uncertainty:      0.025ns  ((TSJ^2 + TIJ^2)^1/2 + DJ) / 2 + PE
    Total System Jitter     (TSJ):    0.050ns
    Total Input Jitter      (TIJ):    0.000ns
    Discrete Jitter          (DJ):    0.000ns
    Phase Error              (PE):    0.000ns

    Location             Delay type                Incr(ns)  Path(ns)    Netlist Resource(s)
  -------------------------------------------------------------------    -------------------
    R3                                                0.000     0.000 r  rst (IN)
                         net (fo=0)                   0.000     0.000    rst
    R3                   IBUF (Prop_ibuf_I_O)         1.464     1.464 r  rst_IBUF_inst/O
                         net (fo=209, routed)         7.506     8.969    processing_thread_inst/rms_inst/rst_IBUF
    SLICE_X10Y19         FDRE                                         r  processing_thread_inst/rms_inst/div_x2_reg_reg[16]/R
  -------------------------------------------------------------------    -------------------

                         (clock sys_clk_pin rise edge)
                                                      0.000     0.000 r  
    W5                                                0.000     0.000 r  clk (IN)
                         net (fo=0)                   0.000     0.000    clk
    W5                   IBUF (Prop_ibuf_I_O)         1.388     1.388 r  clk_IBUF_inst/O
                         net (fo=1, routed)           1.862     3.250    clk_IBUF
    BUFGCTRL_X0Y0        BUFG (Prop_bufg_I_O)         0.091     3.341 r  clk_IBUF_BUFG_inst/O
                         net (fo=377, routed)         1.440     4.781    processing_thread_inst/rms_inst/clk_IBUF_BUFG
    SLICE_X10Y19         FDRE                                         r  processing_thread_inst/rms_inst/div_x2_reg_reg[16]/C

Slack:                    inf
  Source:                 rst
                            (input port)
  Destination:            processing_thread_inst/rms_inst/div_x2_reg_reg[17]/R
                            (rising edge-triggered cell FDRE clocked by sys_clk_pin  {rise@0.000ns fall@5.000ns period=10.000ns})
  Path Group:             (none)
  Path Type:              Setup (Max at Slow Process Corner)
  Data Path Delay:        8.969ns  (logic 1.464ns (16.320%)  route 7.506ns (83.680%))
  Logic Levels:           1  (IBUF=1)
  Clock Path Skew:        4.781ns (DCD - SCD + CPR)
    Destination Clock Delay (DCD):    4.781ns
    Source Clock Delay      (SCD):    0.000ns
    Clock Pessimism Removal (CPR):    0.000ns
  Clock Uncertainty:      0.025ns  ((TSJ^2 + TIJ^2)^1/2 + DJ) / 2 + PE
    Total System Jitter     (TSJ):    0.050ns
    Total Input Jitter      (TIJ):    0.000ns
    Discrete Jitter          (DJ):    0.000ns
    Phase Error              (PE):    0.000ns

    Location             Delay type                Incr(ns)  Path(ns)    Netlist Resource(s)
  -------------------------------------------------------------------    -------------------
    R3                                                0.000     0.000 r  rst (IN)
                         net (fo=0)                   0.000     0.000    rst
    R3                   IBUF (Prop_ibuf_I_O)         1.464     1.464 r  rst_IBUF_inst/O
                         net (fo=209, routed)         7.506     8.969    processing_thread_inst/rms_inst/rst_IBUF
    SLICE_X10Y19         FDRE                                         r  processing_thread_inst/rms_inst/div_x2_reg_reg[17]/R
  -------------------------------------------------------------------    -------------------

                         (clock sys_clk_pin rise edge)
                                                      0.000     0.000 r  
    W5                                                0.000     0.000 r  clk (IN)
                         net (fo=0)                   0.000     0.000    clk
    W5                   IBUF (Prop_ibuf_I_O)         1.388     1.388 r  clk_IBUF_inst/O
                         net (fo=1, routed)           1.862     3.250    clk_IBUF
    BUFGCTRL_X0Y0        BUFG (Prop_bufg_I_O)         0.091     3.341 r  clk_IBUF_BUFG_inst/O
                         net (fo=377, routed)         1.440     4.781    processing_thread_inst/rms_inst/clk_IBUF_BUFG
    SLICE_X10Y19         FDRE                                         r  processing_thread_inst/rms_inst/div_x2_reg_reg[17]/C





Min Delay Paths
--------------------------------------------------------------------------------------
Slack:                    inf
  Source:                 N[0]
                            (input port)
  Destination:            acquisiton_thread_inst/m_samples_reg[0]/D
                            (rising edge-triggered cell FDRE clocked by sys_clk_pin  {rise@0.000ns fall@5.000ns period=10.000ns})
  Path Group:             (none)
  Path Type:              Hold (Min at Fast Process Corner)
  Data Path Delay:        0.665ns  (logic 0.221ns (33.236%)  route 0.444ns (66.764%))
  Logic Levels:           1  (IBUF=1)
  Clock Path Skew:        1.990ns (DCD - SCD - CPR)
    Destination Clock Delay (DCD):    1.990ns
    Source Clock Delay      (SCD):    0.000ns
    Clock Pessimism Removal (CPR):    -0.000ns

    Location             Delay type                Incr(ns)  Path(ns)    Netlist Resource(s)
  -------------------------------------------------------------------    -------------------
    V17                                               0.000     0.000 r  N[0] (IN)
                         net (fo=0)                   0.000     0.000    N[0]
    V17                  IBUF (Prop_ibuf_I_O)         0.221     0.221 r  N_IBUF[0]_inst/O
                         net (fo=2, routed)           0.444     0.665    acquisiton_thread_inst/N_IBUF[0]
    SLICE_X5Y8           FDRE                                         r  acquisiton_thread_inst/m_samples_reg[0]/D
  -------------------------------------------------------------------    -------------------

                         (clock sys_clk_pin rise edge)
                                                      0.000     0.000 r  
    W5                                                0.000     0.000 r  clk (IN)
                         net (fo=0)                   0.000     0.000    clk
    W5                   IBUF (Prop_ibuf_I_O)         0.414     0.414 r  clk_IBUF_inst/O
                         net (fo=1, routed)           0.685     1.099    clk_IBUF
    BUFGCTRL_X0Y0        BUFG (Prop_bufg_I_O)         0.029     1.128 r  clk_IBUF_BUFG_inst/O
                         net (fo=377, routed)         0.863     1.990    acquisiton_thread_inst/clk_IBUF_BUFG
    SLICE_X5Y8           FDRE                                         r  acquisiton_thread_inst/m_samples_reg[0]/C

Slack:                    inf
  Source:                 N[1]
                            (input port)
  Destination:            acquisiton_thread_inst/m_samples_reg[1]/D
                            (rising edge-triggered cell FDRE clocked by sys_clk_pin  {rise@0.000ns fall@5.000ns period=10.000ns})
  Path Group:             (none)
  Path Type:              Hold (Min at Fast Process Corner)
  Data Path Delay:        0.682ns  (logic 0.229ns (33.633%)  route 0.453ns (66.367%))
  Logic Levels:           1  (IBUF=1)
  Clock Path Skew:        1.990ns (DCD - SCD - CPR)
    Destination Clock Delay (DCD):    1.990ns
    Source Clock Delay      (SCD):    0.000ns
    Clock Pessimism Removal (CPR):    -0.000ns

    Location             Delay type                Incr(ns)  Path(ns)    Netlist Resource(s)
  -------------------------------------------------------------------    -------------------
    V16                                               0.000     0.000 r  N[1] (IN)
                         net (fo=0)                   0.000     0.000    N[1]
    V16                  IBUF (Prop_ibuf_I_O)         0.229     0.229 r  N_IBUF[1]_inst/O
                         net (fo=2, routed)           0.453     0.682    acquisiton_thread_inst/N_IBUF[1]
    SLICE_X5Y8           FDRE                                         r  acquisiton_thread_inst/m_samples_reg[1]/D
  -------------------------------------------------------------------    -------------------

                         (clock sys_clk_pin rise edge)
                                                      0.000     0.000 r  
    W5                                                0.000     0.000 r  clk (IN)
                         net (fo=0)                   0.000     0.000    clk
    W5                   IBUF (Prop_ibuf_I_O)         0.414     0.414 r  clk_IBUF_inst/O
                         net (fo=1, routed)           0.685     1.099    clk_IBUF
    BUFGCTRL_X0Y0        BUFG (Prop_bufg_I_O)         0.029     1.128 r  clk_IBUF_BUFG_inst/O
                         net (fo=377, routed)         0.863     1.990    acquisiton_thread_inst/clk_IBUF_BUFG
    SLICE_X5Y8           FDRE                                         r  acquisiton_thread_inst/m_samples_reg[1]/C

Slack:                    inf
  Source:                 N[3]
                            (input port)
  Destination:            acquisiton_thread_inst/m_samples_reg[3]/D
                            (rising edge-triggered cell FDRE clocked by sys_clk_pin  {rise@0.000ns fall@5.000ns period=10.000ns})
  Path Group:             (none)
  Path Type:              Hold (Min at Fast Process Corner)
  Data Path Delay:        0.690ns  (logic 0.262ns (37.934%)  route 0.428ns (62.066%))
  Logic Levels:           2  (IBUF=1 LUT1=1)
  Clock Path Skew:        1.990ns (DCD - SCD - CPR)
    Destination Clock Delay (DCD):    1.990ns
    Source Clock Delay      (SCD):    0.000ns
    Clock Pessimism Removal (CPR):    -0.000ns

    Location             Delay type                Incr(ns)  Path(ns)    Netlist Resource(s)
  -------------------------------------------------------------------    -------------------
    W17                                               0.000     0.000 f  N[3] (IN)
                         net (fo=0)                   0.000     0.000    N[3]
    W17                  IBUF (Prop_ibuf_I_O)         0.217     0.217 f  N_IBUF[3]_inst/O
                         net (fo=6, routed)           0.428     0.645    acquisiton_thread_inst/N_IBUF[3]
    SLICE_X4Y8           LUT1 (Prop_lut1_I0_O)        0.045     0.690 r  acquisiton_thread_inst/m_samples[3]_i_1/O
                         net (fo=1, routed)           0.000     0.690    acquisiton_thread_inst/m_samples[3]_i_1_n_0
    SLICE_X4Y8           FDRE                                         r  acquisiton_thread_inst/m_samples_reg[3]/D
  -------------------------------------------------------------------    -------------------

                         (clock sys_clk_pin rise edge)
                                                      0.000     0.000 r  
    W5                                                0.000     0.000 r  clk (IN)
                         net (fo=0)                   0.000     0.000    clk
    W5                   IBUF (Prop_ibuf_I_O)         0.414     0.414 r  clk_IBUF_inst/O
                         net (fo=1, routed)           0.685     1.099    clk_IBUF
    BUFGCTRL_X0Y0        BUFG (Prop_bufg_I_O)         0.029     1.128 r  clk_IBUF_BUFG_inst/O
                         net (fo=377, routed)         0.863     1.990    acquisiton_thread_inst/clk_IBUF_BUFG
    SLICE_X4Y8           FDRE                                         r  acquisiton_thread_inst/m_samples_reg[3]/C

Slack:                    inf
  Source:                 N[3]
                            (input port)
  Destination:            acquisiton_thread_inst/m_samples_reg[5]/D
                            (rising edge-triggered cell FDRE clocked by sys_clk_pin  {rise@0.000ns fall@5.000ns period=10.000ns})
  Path Group:             (none)
  Path Type:              Hold (Min at Fast Process Corner)
  Data Path Delay:        0.691ns  (logic 0.262ns (37.879%)  route 0.429ns (62.121%))
  Logic Levels:           2  (IBUF=1 LUT3=1)
  Clock Path Skew:        1.990ns (DCD - SCD - CPR)
    Destination Clock Delay (DCD):    1.990ns
    Source Clock Delay      (SCD):    0.000ns
    Clock Pessimism Removal (CPR):    -0.000ns

    Location             Delay type                Incr(ns)  Path(ns)    Netlist Resource(s)
  -------------------------------------------------------------------    -------------------
    W17                                               0.000     0.000 r  N[3] (IN)
                         net (fo=0)                   0.000     0.000    N[3]
    W17                  IBUF (Prop_ibuf_I_O)         0.217     0.217 r  N_IBUF[3]_inst/O
                         net (fo=6, routed)           0.429     0.646    acquisiton_thread_inst/N_IBUF[3]
    SLICE_X4Y8           LUT3 (Prop_lut3_I1_O)        0.045     0.691 r  acquisiton_thread_inst/m_samples[5]_i_1/O
                         net (fo=1, routed)           0.000     0.691    acquisiton_thread_inst/m_samples[5]_i_1_n_0
    SLICE_X4Y8           FDRE                                         r  acquisiton_thread_inst/m_samples_reg[5]/D
  -------------------------------------------------------------------    -------------------

                         (clock sys_clk_pin rise edge)
                                                      0.000     0.000 r  
    W5                                                0.000     0.000 r  clk (IN)
                         net (fo=0)                   0.000     0.000    clk
    W5                   IBUF (Prop_ibuf_I_O)         0.414     0.414 r  clk_IBUF_inst/O
                         net (fo=1, routed)           0.685     1.099    clk_IBUF
    BUFGCTRL_X0Y0        BUFG (Prop_bufg_I_O)         0.029     1.128 r  clk_IBUF_BUFG_inst/O
                         net (fo=377, routed)         0.863     1.990    acquisiton_thread_inst/clk_IBUF_BUFG
    SLICE_X4Y8           FDRE                                         r  acquisiton_thread_inst/m_samples_reg[5]/C

Slack:                    inf
  Source:                 N[3]
                            (input port)
  Destination:            acquisiton_thread_inst/m_samples_reg[4]/D
                            (rising edge-triggered cell FDRE clocked by sys_clk_pin  {rise@0.000ns fall@5.000ns period=10.000ns})
  Path Group:             (none)
  Path Type:              Hold (Min at Fast Process Corner)
  Data Path Delay:        0.693ns  (logic 0.265ns (38.203%)  route 0.428ns (61.797%))
  Logic Levels:           2  (IBUF=1 LUT2=1)
  Clock Path Skew:        1.990ns (DCD - SCD - CPR)
    Destination Clock Delay (DCD):    1.990ns
    Source Clock Delay      (SCD):    0.000ns
    Clock Pessimism Removal (CPR):    -0.000ns

    Location             Delay type                Incr(ns)  Path(ns)    Netlist Resource(s)
  -------------------------------------------------------------------    -------------------
    W17                                               0.000     0.000 r  N[3] (IN)
                         net (fo=0)                   0.000     0.000    N[3]
    W17                  IBUF (Prop_ibuf_I_O)         0.217     0.217 r  N_IBUF[3]_inst/O
                         net (fo=6, routed)           0.428     0.645    acquisiton_thread_inst/N_IBUF[3]
    SLICE_X4Y8           LUT2 (Prop_lut2_I0_O)        0.048     0.693 r  acquisiton_thread_inst/m_samples[4]_i_1/O
                         net (fo=1, routed)           0.000     0.693    acquisiton_thread_inst/m_samples[4]_i_1_n_0
    SLICE_X4Y8           FDRE                                         r  acquisiton_thread_inst/m_samples_reg[4]/D
  -------------------------------------------------------------------    -------------------

                         (clock sys_clk_pin rise edge)
                                                      0.000     0.000 r  
    W5                                                0.000     0.000 r  clk (IN)
                         net (fo=0)                   0.000     0.000    clk
    W5                   IBUF (Prop_ibuf_I_O)         0.414     0.414 r  clk_IBUF_inst/O
                         net (fo=1, routed)           0.685     1.099    clk_IBUF
    BUFGCTRL_X0Y0        BUFG (Prop_bufg_I_O)         0.029     1.128 r  clk_IBUF_BUFG_inst/O
                         net (fo=377, routed)         0.863     1.990    acquisiton_thread_inst/clk_IBUF_BUFG
    SLICE_X4Y8           FDRE                                         r  acquisiton_thread_inst/m_samples_reg[4]/C

Slack:                    inf
  Source:                 N[3]
                            (input port)
  Destination:            acquisiton_thread_inst/m_samples_reg[6]/D
                            (rising edge-triggered cell FDRE clocked by sys_clk_pin  {rise@0.000ns fall@5.000ns period=10.000ns})
  Path Group:             (none)
  Path Type:              Hold (Min at Fast Process Corner)
  Data Path Delay:        0.695ns  (logic 0.266ns (38.237%)  route 0.429ns (61.763%))
  Logic Levels:           2  (IBUF=1 LUT4=1)
  Clock Path Skew:        1.990ns (DCD - SCD - CPR)
    Destination Clock Delay (DCD):    1.990ns
    Source Clock Delay      (SCD):    0.000ns
    Clock Pessimism Removal (CPR):    -0.000ns

    Location             Delay type                Incr(ns)  Path(ns)    Netlist Resource(s)
  -------------------------------------------------------------------    -------------------
    W17                                               0.000     0.000 r  N[3] (IN)
                         net (fo=0)                   0.000     0.000    N[3]
    W17                  IBUF (Prop_ibuf_I_O)         0.217     0.217 r  N_IBUF[3]_inst/O
                         net (fo=6, routed)           0.429     0.646    acquisiton_thread_inst/N_IBUF[3]
    SLICE_X4Y8           LUT4 (Prop_lut4_I1_O)        0.049     0.695 r  acquisiton_thread_inst/m_samples[6]_i_3/O
                         net (fo=1, routed)           0.000     0.695    acquisiton_thread_inst/m_samples[6]_i_3_n_0
    SLICE_X4Y8           FDRE                                         r  acquisiton_thread_inst/m_samples_reg[6]/D
  -------------------------------------------------------------------    -------------------

                         (clock sys_clk_pin rise edge)
                                                      0.000     0.000 r  
    W5                                                0.000     0.000 r  clk (IN)
                         net (fo=0)                   0.000     0.000    clk
    W5                   IBUF (Prop_ibuf_I_O)         0.414     0.414 r  clk_IBUF_inst/O
                         net (fo=1, routed)           0.685     1.099    clk_IBUF
    BUFGCTRL_X0Y0        BUFG (Prop_bufg_I_O)         0.029     1.128 r  clk_IBUF_BUFG_inst/O
                         net (fo=377, routed)         0.863     1.990    acquisiton_thread_inst/clk_IBUF_BUFG
    SLICE_X4Y8           FDRE                                         r  acquisiton_thread_inst/m_samples_reg[6]/C

Slack:                    inf
  Source:                 N[2]
                            (input port)
  Destination:            acquisiton_thread_inst/n_samples_reg[2]/D
                            (rising edge-triggered cell FDRE clocked by sys_clk_pin  {rise@0.000ns fall@5.000ns period=10.000ns})
  Path Group:             (none)
  Path Type:              Hold (Min at Fast Process Corner)
  Data Path Delay:        0.784ns  (logic 0.232ns (29.563%)  route 0.552ns (70.437%))
  Logic Levels:           1  (IBUF=1)
  Clock Path Skew:        1.985ns (DCD - SCD - CPR)
    Destination Clock Delay (DCD):    1.985ns
    Source Clock Delay      (SCD):    0.000ns
    Clock Pessimism Removal (CPR):    -0.000ns

    Location             Delay type                Incr(ns)  Path(ns)    Netlist Resource(s)
  -------------------------------------------------------------------    -------------------
    W16                                               0.000     0.000 r  N[2] (IN)
                         net (fo=0)                   0.000     0.000    N[2]
    W16                  IBUF (Prop_ibuf_I_O)         0.232     0.232 r  N_IBUF[2]_inst/O
                         net (fo=3, routed)           0.552     0.784    acquisiton_thread_inst/N_IBUF[2]
    SLICE_X5Y15          FDRE                                         r  acquisiton_thread_inst/n_samples_reg[2]/D
  -------------------------------------------------------------------    -------------------

                         (clock sys_clk_pin rise edge)
                                                      0.000     0.000 r  
    W5                                                0.000     0.000 r  clk (IN)
                         net (fo=0)                   0.000     0.000    clk
    W5                   IBUF (Prop_ibuf_I_O)         0.414     0.414 r  clk_IBUF_inst/O
                         net (fo=1, routed)           0.685     1.099    clk_IBUF
    BUFGCTRL_X0Y0        BUFG (Prop_bufg_I_O)         0.029     1.128 r  clk_IBUF_BUFG_inst/O
                         net (fo=377, routed)         0.858     1.985    acquisiton_thread_inst/clk_IBUF_BUFG
    SLICE_X5Y15          FDRE                                         r  acquisiton_thread_inst/n_samples_reg[2]/C

Slack:                    inf
  Source:                 N[7]
                            (input port)
  Destination:            acquisiton_thread_inst/n_samples_reg[7]/D
                            (rising edge-triggered cell FDRE clocked by sys_clk_pin  {rise@0.000ns fall@5.000ns period=10.000ns})
  Path Group:             (none)
  Path Type:              Hold (Min at Fast Process Corner)
  Data Path Delay:        0.791ns  (logic 0.227ns (28.671%)  route 0.565ns (71.329%))
  Logic Levels:           1  (IBUF=1)
  Clock Path Skew:        1.983ns (DCD - SCD - CPR)
    Destination Clock Delay (DCD):    1.983ns
    Source Clock Delay      (SCD):    0.000ns
    Clock Pessimism Removal (CPR):    -0.000ns

    Location             Delay type                Incr(ns)  Path(ns)    Netlist Resource(s)
  -------------------------------------------------------------------    -------------------
    W13                                               0.000     0.000 r  N[7] (IN)
                         net (fo=0)                   0.000     0.000    N[7]
    W13                  IBUF (Prop_ibuf_I_O)         0.227     0.227 r  N_IBUF[7]_inst/O
                         net (fo=2, routed)           0.565     0.791    acquisiton_thread_inst/N_IBUF[7]
    SLICE_X6Y17          FDRE                                         r  acquisiton_thread_inst/n_samples_reg[7]/D
  -------------------------------------------------------------------    -------------------

                         (clock sys_clk_pin rise edge)
                                                      0.000     0.000 r  
    W5                                                0.000     0.000 r  clk (IN)
                         net (fo=0)                   0.000     0.000    clk
    W5                   IBUF (Prop_ibuf_I_O)         0.414     0.414 r  clk_IBUF_inst/O
                         net (fo=1, routed)           0.685     1.099    clk_IBUF
    BUFGCTRL_X0Y0        BUFG (Prop_bufg_I_O)         0.029     1.128 r  clk_IBUF_BUFG_inst/O
                         net (fo=377, routed)         0.856     1.983    acquisiton_thread_inst/clk_IBUF_BUFG
    SLICE_X6Y17          FDRE                                         r  acquisiton_thread_inst/n_samples_reg[7]/C

Slack:                    inf
  Source:                 N[2]
                            (input port)
  Destination:            acquisiton_thread_inst/m_samples_reg[2]/D
                            (rising edge-triggered cell FDRE clocked by sys_clk_pin  {rise@0.000ns fall@5.000ns period=10.000ns})
  Path Group:             (none)
  Path Type:              Hold (Min at Fast Process Corner)
  Data Path Delay:        0.811ns  (logic 0.232ns (28.573%)  route 0.579ns (71.427%))
  Logic Levels:           1  (IBUF=1)
  Clock Path Skew:        1.990ns (DCD - SCD - CPR)
    Destination Clock Delay (DCD):    1.990ns
    Source Clock Delay      (SCD):    0.000ns
    Clock Pessimism Removal (CPR):    -0.000ns

    Location             Delay type                Incr(ns)  Path(ns)    Netlist Resource(s)
  -------------------------------------------------------------------    -------------------
    W16                                               0.000     0.000 r  N[2] (IN)
                         net (fo=0)                   0.000     0.000    N[2]
    W16                  IBUF (Prop_ibuf_I_O)         0.232     0.232 r  N_IBUF[2]_inst/O
                         net (fo=3, routed)           0.579     0.811    acquisiton_thread_inst/N_IBUF[2]
    SLICE_X5Y8           FDRE                                         r  acquisiton_thread_inst/m_samples_reg[2]/D
  -------------------------------------------------------------------    -------------------

                         (clock sys_clk_pin rise edge)
                                                      0.000     0.000 r  
    W5                                                0.000     0.000 r  clk (IN)
                         net (fo=0)                   0.000     0.000    clk
    W5                   IBUF (Prop_ibuf_I_O)         0.414     0.414 r  clk_IBUF_inst/O
                         net (fo=1, routed)           0.685     1.099    clk_IBUF
    BUFGCTRL_X0Y0        BUFG (Prop_bufg_I_O)         0.029     1.128 r  clk_IBUF_BUFG_inst/O
                         net (fo=377, routed)         0.863     1.990    acquisiton_thread_inst/clk_IBUF_BUFG
    SLICE_X5Y8           FDRE                                         r  acquisiton_thread_inst/m_samples_reg[2]/C

Slack:                    inf
  Source:                 N[3]
                            (input port)
  Destination:            acquisiton_thread_inst/n_samples_reg[3]/D
                            (rising edge-triggered cell FDRE clocked by sys_clk_pin  {rise@0.000ns fall@5.000ns period=10.000ns})
  Path Group:             (none)
  Path Type:              Hold (Min at Fast Process Corner)
  Data Path Delay:        0.839ns  (logic 0.217ns (25.810%)  route 0.623ns (74.190%))
  Logic Levels:           1  (IBUF=1)
  Clock Path Skew:        1.985ns (DCD - SCD - CPR)
    Destination Clock Delay (DCD):    1.985ns
    Source Clock Delay      (SCD):    0.000ns
    Clock Pessimism Removal (CPR):    -0.000ns

    Location             Delay type                Incr(ns)  Path(ns)    Netlist Resource(s)
  -------------------------------------------------------------------    -------------------
    W17                                               0.000     0.000 r  N[3] (IN)
                         net (fo=0)                   0.000     0.000    N[3]
    W17                  IBUF (Prop_ibuf_I_O)         0.217     0.217 r  N_IBUF[3]_inst/O
                         net (fo=6, routed)           0.623     0.839    acquisiton_thread_inst/N_IBUF[3]
    SLICE_X5Y15          FDRE                                         r  acquisiton_thread_inst/n_samples_reg[3]/D
  -------------------------------------------------------------------    -------------------

                         (clock sys_clk_pin rise edge)
                                                      0.000     0.000 r  
    W5                                                0.000     0.000 r  clk (IN)
                         net (fo=0)                   0.000     0.000    clk
    W5                   IBUF (Prop_ibuf_I_O)         0.414     0.414 r  clk_IBUF_inst/O
                         net (fo=1, routed)           0.685     1.099    clk_IBUF
    BUFGCTRL_X0Y0        BUFG (Prop_bufg_I_O)         0.029     1.128 r  clk_IBUF_BUFG_inst/O
                         net (fo=377, routed)         0.858     1.985    acquisiton_thread_inst/clk_IBUF_BUFG
    SLICE_X5Y15          FDRE                                         r  acquisiton_thread_inst/n_samples_reg[3]/C





